"ID";"CATEGORIA";"NOMBRE";"PRECIO_COMPRA";"PRECIO_VENTA_IVA_INCLUIDO";"IVA";"ESTADO"
"649";"baby";"Anchovy In Oil";"15580,14";"28941,91";"19.00 %";"ACTIVO"
"442";"baby";"Apple - Fuji";"11432,79";"28456,47";"0.00 %";"ACTIVO"
"52";"baby";"Apple - Granny Smith";"19403,10";"29576,23";"19.00 %";"ACTIVO"
"735";"baby";"Arctic Char - Fresh, Whole";"17056,38";"29551,80";"5.00 %";"ACTIVO"
"929";"baby";"Arizona - Green Tea";"15112,50";"26869,43";"19.00 %";"INACTIVO"
"760";"baby";"Asparagus - Green, Fresh";"15769,50";"28362,77";"19.00 %";"INACTIVO"
"679";"baby";"Bacardi Mojito";"19573,70";"28886,61";"5.00 %";"INACTIVO"
"635";"baby";"Bamboo Shoots - Sliced";"19249,53";"26066,31";"19.00 %";"ACTIVO"
"250";"baby";"Beef - Shank";"13019,59";"27145,76";"19.00 %";"ACTIVO"
"19";"baby";"Beef - Tenderloin";"19456,15";"28449,60";"5.00 %";"ACTIVO"
"457";"baby";"Beef - Tenderloin";"15948,88";"28824,88";"0.00 %";"ACTIVO"
"347";"baby";"Beef - Tongue, Cooked";"17633,16";"25756,37";"19.00 %";"INACTIVO"
"812";"baby";"Beef - Top Sirloin";"18278,86";"27867,07";"19.00 %";"ACTIVO"
"294";"baby";"Beer - Blue Light";"11676,45";"26864,43";"0.00 %";"INACTIVO"
"568";"baby";"Beer - Maudite";"19720,54";"27802,71";"0.00 %";"INACTIVO"
"11";"baby";"Beer - Mcauslan Apricot";"16807,70";"27065,29";"19.00 %";"INACTIVO"
"131";"baby";"Boogies";"12495,22";"29779,70";"5.00 %";"ACTIVO"
"713";"baby";"Bread - Rolls, Rye";"14538,06";"27248,80";"0.00 %";"ACTIVO"
"464";"baby";"Bread - Wheat Baguette";"16077,69";"25673,59";"19.00 %";"ACTIVO"
"79";"baby";"Bread Base - Gold Formel";"12964,02";"25528,66";"19.00 %";"INACTIVO"
"636";"baby";"Broccoli - Fresh";"19996,37";"26066,56";"0.00 %";"INACTIVO"
"683";"baby";"Brocolinni - Gaylan, Chinese";"10621,05";"28127,34";"19.00 %";"INACTIVO"
"813";"baby";"Broom And Brush Rack Black";"12648,02";"25974,79";"5.00 %";"INACTIVO"
"303";"baby";"Browning Caramel Glace";"19686,48";"27124,40";"19.00 %";"ACTIVO"
"985";"baby";"Butter - Pod";"10023,10";"26821,57";"5.00 %";"ACTIVO"
"292";"baby";"Cake - Cheese Cake 9 Inch";"13199,02";"25723,24";"19.00 %";"ACTIVO"
"368";"baby";"Calypso - Pineapple Passion";"16782,34";"27876,19";"0.00 %";"INACTIVO"
"646";"baby";"Capers - Ox Eye Daisy";"13718,54";"29368,74";"5.00 %";"INACTIVO"
"428";"baby";"Capon - Whole";"15599,99";"25470,05";"5.00 %";"ACTIVO"
"728";"baby";"Carbonated Water - Cherry";"10225,87";"28855,82";"5.00 %";"ACTIVO"
"165";"baby";"Carbonated Water - Raspberry";"16146,04";"29016,38";"19.00 %";"ACTIVO"
"506";"baby";"Cauliflower";"10815,18";"29920,91";"5.00 %";"ACTIVO"
"443";"baby";"Celery Root";"18092,87";"28349,11";"5.00 %";"ACTIVO"
"777";"baby";"Cheese - Boursin, Garlic / Herbs";"13494,47";"27979,62";"19.00 %";"INACTIVO"
"23";"baby";"Cheese - Feta";"16636,29";"25957,97";"5.00 %";"ACTIVO"
"107";"baby";"Cheese - St. Andre";"18977,51";"29221,48";"0.00 %";"INACTIVO"
"525";"baby";"Cheese - St. Paulin";"13229,57";"28884,10";"5.00 %";"INACTIVO"
"850";"baby";"Cheese - St. Paulin";"18568,27";"28430,19";"5.00 %";"ACTIVO"
"18";"baby";"Cheese Cloth";"16352,03";"27865,05";"5.00 %";"INACTIVO"
"402";"baby";"Cheese Cloth No 60";"19637,89";"25620,10";"5.00 %";"INACTIVO"
"498";"baby";"Chick Peas - Canned";"15390,42";"25835,80";"5.00 %";"INACTIVO"
"176";"baby";"Chicken - Whole Roasting";"18349,73";"28596,03";"5.00 %";"INACTIVO"
"424";"baby";"Chicken Breast Halal";"16235,88";"29879,94";"5.00 %";"ACTIVO"
"304";"baby";"Chocolate - Milk, Callets";"15151,40";"27844,87";"19.00 %";"INACTIVO"
"1000";"baby";"Chocolate - Unsweetened";"12050,87";"29954,15";"5.00 %";"INACTIVO"
"634";"baby";"Cilantro / Coriander - Fresh";"19118,70";"25690,03";"19.00 %";"ACTIVO"
"672";"baby";"Clam - Cherrystone";"15177,89";"25634,46";"19.00 %";"INACTIVO"
"226";"baby";"Cleaner - Lime Away";"18755,85";"26008,50";"5.00 %";"ACTIVO"
"488";"baby";"Cocoa Butter";"16108,09";"25990,95";"19.00 %";"ACTIVO"
"322";"baby";"Cocoa Powder - Natural";"11195,64";"25503,13";"5.00 %";"INACTIVO"
"780";"baby";"Coffee - Ristretto Coffee Capsule";"17261,60";"25616,12";"19.00 %";"INACTIVO"
"70";"baby";"Container - Clear 16 Oz";"14160,37";"27319,64";"0.00 %";"ACTIVO"
"215";"baby";"Container - Clear 16 Oz";"14197,35";"27962,09";"19.00 %";"ACTIVO"
"619";"baby";"Cookies - Oreo, 4 Pack";"10890,50";"28459,99";"0.00 %";"INACTIVO"
"595";"baby";"Cookies Almond Hazelnut";"13996,67";"27793,25";"0.00 %";"ACTIVO"
"279";"baby";"Cookies Oatmeal Raisin";"17174,54";"28291,75";"5.00 %";"ACTIVO"
"407";"baby";"Corn Kernels - Frozen";"17186,22";"26222,30";"0.00 %";"INACTIVO"
"124";"baby";"Country Roll";"13528,89";"27596,10";"19.00 %";"ACTIVO"
"316";"baby";"Crab - Claws, Snow 16 - 24";"17708,18";"25067,41";"0.00 %";"INACTIVO"
"781";"baby";"Crab - Meat Combo";"19439,40";"28532,21";"19.00 %";"INACTIVO"
"605";"baby";"Cranberries - Fresh";"16117,24";"25254,79";"19.00 %";"INACTIVO"
"926";"baby";"Cream - 35%";"19167,00";"25845,81";"19.00 %";"INACTIVO"
"50";"baby";"Cream Of Tartar";"18746,63";"27789,07";"5.00 %";"INACTIVO"
"689";"baby";"Creme De Menthe Green";"16979,83";"29828,56";"19.00 %";"INACTIVO"
"200";"baby";"Cup - 3.5oz, Foam";"13192,97";"29938,10";"5.00 %";"INACTIVO"
"151";"baby";"Cup - 4oz Translucent";"10340,91";"29059,42";"5.00 %";"ACTIVO"
"210";"baby";"Cup Translucent 9 Oz";"14832,89";"27730,90";"0.00 %";"ACTIVO"
"46";"baby";"Curry Powder Madras";"11675,95";"29696,02";"19.00 %";"INACTIVO"
"912";"baby";"Daves Island Stinger";"14574,80";"26492,40";"0.00 %";"ACTIVO"
"755";"baby";"Dill Weed - Dry";"19187,27";"27211,15";"19.00 %";"INACTIVO"
"606";"baby";"Doilies - 5, Paper";"13707,22";"29545,53";"19.00 %";"INACTIVO"
"707";"baby";"Dome Lid Clear P92008h";"15163,52";"25681,18";"19.00 %";"INACTIVO"
"662";"baby";"Durian Fruit";"17556,87";"27527,31";"19.00 %";"ACTIVO"
"187";"baby";"Easy Off Oven Cleaner";"13051,40";"25516,69";"5.00 %";"ACTIVO"
"622";"baby";"Ecolab - Power Fusion";"19395,01";"29054,67";"19.00 %";"INACTIVO"
"800";"baby";"Egg Patty Fried";"11042,63";"29138,27";"19.00 %";"ACTIVO"
"824";"baby";"Energy Drink Red Bull";"18547,08";"27331,23";"0.00 %";"INACTIVO"
"816";"baby";"Evaporated Milk - Skim";"15494,93";"27657,12";"5.00 %";"ACTIVO"
"86";"baby";"Extract - Almond";"16156,92";"27992,05";"0.00 %";"ACTIVO"
"733";"baby";"Fish - Base, Bouillion";"18737,46";"25802,01";"0.00 %";"ACTIVO"
"540";"baby";"Fondant - Icing";"16614,47";"29783,14";"19.00 %";"INACTIVO"
"242";"baby";"Fruit Salad Deluxe";"17096,23";"25052,10";"0.00 %";"ACTIVO"
"615";"baby";"Gatorade - Orange";"15210,82";"27242,08";"0.00 %";"ACTIVO"
"974";"baby";"Gelatine Leaves - Bulk";"19934,82";"25032,35";"0.00 %";"INACTIVO"
"373";"baby";"General Purpose Trigger";"12837,44";"28015,98";"5.00 %";"ACTIVO"
"695";"baby";"Gloves - Goldtouch Disposable";"10611,65";"28579,44";"19.00 %";"INACTIVO"
"776";"baby";"Goat - Whole Cut";"12379,70";"28532,18";"19.00 %";"ACTIVO"
"201";"baby";"Graham Cracker Mix";"10313,14";"28211,37";"0.00 %";"ACTIVO"
"404";"baby";"Grouper - Fresh";"15153,24";"29203,11";"19.00 %";"ACTIVO"
"909";"baby";"Haggis";"13503,80";"26329,44";"5.00 %";"ACTIVO"
"285";"baby";"Huck Towels White";"18125,23";"25886,54";"19.00 %";"ACTIVO"
"476";"baby";"Huck Towels White";"13919,32";"27473,63";"5.00 %";"ACTIVO"
"196";"baby";"Ice Cream - Vanilla";"19518,49";"28409,65";"5.00 %";"ACTIVO"
"1001";"baby";"Icecream - Dstk Super Cone";"17345,21";"28792,80";"5.00 %";"ACTIVO"
"547";"baby";"Icecream Bar - Del Monte";"13801,60";"28490,76";"5.00 %";"INACTIVO"
"798";"baby";"Iced Tea Concentrate";"12504,05";"25464,19";"19.00 %";"ACTIVO"
"773";"baby";"Jagermeister";"13381,89";"26640,73";"5.00 %";"ACTIVO"
"882";"baby";"Jam - Blackberry, 20 Ml Jar";"14369,73";"25240,33";"19.00 %";"ACTIVO"
"916";"baby";"Jam - Raspberry,jar";"14741,46";"29364,24";"5.00 %";"ACTIVO"
"366";"baby";"Jolt Cola";"15436,93";"27948,60";"0.00 %";"ACTIVO"
"172";"baby";"Juice - Apple Cider";"11883,56";"28227,36";"5.00 %";"ACTIVO"
"418";"baby";"Juice - Happy Planet";"10580,93";"27270,71";"0.00 %";"ACTIVO"
"293";"baby";"Juice - Mango";"11630,27";"25732,49";"0.00 %";"INACTIVO"
"354";"baby";"Juice - Ocean Spray Cranberry";"15307,04";"27681,66";"0.00 %";"ACTIVO"
"445";"baby";"Juice - Pineapple, 341 Ml";"10319,92";"27316,30";"5.00 %";"INACTIVO"
"598";"baby";"Juice - Pineapple, 48 Oz";"15496,53";"28846,38";"19.00 %";"INACTIVO"
"454";"baby";"Juice - Tomato, 48 Oz";"16119,45";"28089,23";"19.00 %";"INACTIVO"
"283";"baby";"Lettuce - Escarole";"16690,70";"25298,18";"19.00 %";"INACTIVO"
"838";"baby";"Lid - 0090 Clear";"10497,02";"27583,49";"0.00 %";"ACTIVO"
"415";"baby";"Liqueur Banana, Ramazzotti";"10172,03";"29942,77";"19.00 %";"ACTIVO"
"195";"baby";"Lobster - Live";"10866,13";"26876,76";"5.00 %";"INACTIVO"
"467";"baby";"Longos - Assorted Sandwich";"11375,43";"25176,75";"0.00 %";"INACTIVO"
"225";"baby";"Mangoes";"10389,47";"26546,54";"5.00 %";"ACTIVO"
"403";"baby";"Melon - Cantaloupe";"17712,74";"27241,91";"5.00 %";"ACTIVO"
"703";"baby";"Melon - Honey Dew";"10289,00";"28687,52";"0.00 %";"ACTIVO"
"807";"baby";"Melon - Watermelon, Seedless";"19065,97";"26502,44";"5.00 %";"INACTIVO"
"754";"baby";"Milk - 1%";"10138,94";"29883,61";"5.00 %";"ACTIVO"
"24";"baby";"Milk - Buttermilk";"16896,18";"26580,30";"19.00 %";"ACTIVO"
"976";"baby";"Milk - Buttermilk";"16274,23";"25980,25";"0.00 %";"INACTIVO"
"171";"baby";"Milk 2% 500 Ml";"11111,82";"29718,63";"19.00 %";"ACTIVO"
"121";"baby";"Molasses - Fancy";"13741,90";"25393,28";"5.00 %";"INACTIVO"
"343";"baby";"Muffin - Blueberry Individual";"15939,02";"28309,45";"0.00 %";"INACTIVO"
"627";"baby";"Muffin - Mix - Bran And Maple 15l";"18621,92";"27748,60";"0.00 %";"ACTIVO"
"940";"baby";"Muffin Batt - Choc Chk";"14216,78";"25064,43";"0.00 %";"INACTIVO"
"890";"baby";"Muffin Mix - Blueberry";"19917,55";"26161,10";"19.00 %";"ACTIVO"
"886";"baby";"Mushroom - Crimini";"17662,87";"27953,61";"5.00 %";"ACTIVO"
"288";"baby";"Mustard - Pommery";"14820,23";"28665,34";"5.00 %";"ACTIVO"
"583";"baby";"Nacho Chips";"10742,29";"27351,60";"5.00 %";"INACTIVO"
"601";"baby";"Nantucket - Orange Mango Cktl";"16209,86";"26083,06";"19.00 %";"ACTIVO"
"699";"baby";"Nut - Pecan, Halves";"18538,54";"25824,12";"0.00 %";"ACTIVO"
"143";"baby";"Nut - Pine Nuts, Whole";"10237,65";"26974,80";"5.00 %";"INACTIVO"
"333";"baby";"Orange - Blood";"12379,87";"26931,05";"0.00 %";"INACTIVO"
"513";"baby";"Pail With Metal Handle 16l White";"19586,42";"27489,33";"19.00 %";"ACTIVO"
"559";"baby";"Pasta - Elbows, Macaroni, Dry";"18050,68";"29450,37";"5.00 %";"INACTIVO"
"183";"baby";"Pasta - Lasagna, Dry";"10858,22";"28550,51";"19.00 %";"INACTIVO"
"129";"baby";"Pasta - Penne, Rigate, Dry";"18671,28";"28837,76";"19.00 %";"INACTIVO"
"178";"baby";"Pears - Bosc";"16782,99";"27360,50";"0.00 %";"ACTIVO"
"828";"baby";"Pepper - Chipotle, Canned";"16092,83";"28376,72";"5.00 %";"INACTIVO"
"569";"baby";"Pepper - Pablano";"15498,31";"25980,92";"19.00 %";"INACTIVO"
"514";"baby";"Pickle - Dill";"18819,32";"27644,63";"0.00 %";"INACTIVO"
"647";"baby";"Piping Jelly - All Colours";"11825,21";"25978,44";"5.00 %";"INACTIVO"
"254";"baby";"Plate Foam Laminated 9in Blk";"14705,53";"28925,38";"0.00 %";"ACTIVO"
"624";"baby";"Pork - Bacon, Sliced";"14242,47";"25497,34";"0.00 %";"ACTIVO"
"599";"baby";"Quiche Assorted";"16107,35";"28419,86";"0.00 %";"ACTIVO"
"141";"baby";"Quinoa";"15568,22";"26041,65";"5.00 %";"ACTIVO"
"20";"baby";"Remy Red Berry Infusion";"17239,73";"28324,19";"19.00 %";"INACTIVO"
"391";"baby";"Rootbeer";"12661,24";"29335,13";"5.00 %";"INACTIVO"
"338";"baby";"Sage - Rubbed";"17470,76";"26788,05";"5.00 %";"ACTIVO"
"78";"baby";"Salmon - Atlantic, Skin On";"10884,89";"26127,32";"5.00 %";"INACTIVO"
"930";"baby";"Sausage - Breakfast";"12211,65";"28521,89";"0.00 %";"INACTIVO"
"696";"baby";"Scallops - In Shell";"16127,44";"28153,21";"0.00 %";"INACTIVO"
"87";"baby";"Smoked Tongue";"13461,46";"29556,03";"5.00 %";"INACTIVO"
"287";"baby";"Sole - Dover, Whole, Fresh";"11663,87";"26932,74";"5.00 %";"ACTIVO"
"339";"baby";"Soup - Canadian Pea, Dry Mix";"16827,90";"28427,14";"5.00 %";"INACTIVO"
"16";"baby";"Soup Campbells Split Pea And Ham";"12024,87";"27383,29";"19.00 %";"ACTIVO"
"751";"baby";"Sour Puss Raspberry";"14988,83";"28550,55";"0.00 %";"ACTIVO"
"439";"baby";"Spice - Chili Powder Mexican";"18085,98";"28450,53";"0.00 %";"ACTIVO"
"656";"baby";"Spice - Onion Powder Granulated";"13254,92";"27494,49";"5.00 %";"ACTIVO"
"898";"baby";"Spice - Paprika";"12276,81";"27628,00";"5.00 %";"ACTIVO"
"530";"baby";"Spice - Pepper Portions";"10382,68";"27749,48";"5.00 %";"INACTIVO"
"73";"baby";"Spinach - Spinach Leaf";"19955,71";"26048,10";"0.00 %";"INACTIVO"
"7";"baby";"Split Peas - Green, Dry";"14676,59";"28597,30";"0.00 %";"INACTIVO"
"374";"baby";"Split Peas - Green, Dry";"19854,23";"28044,63";"5.00 %";"INACTIVO"
"810";"baby";"Split Peas - Yellow, Dry";"13900,05";"25384,17";"0.00 %";"ACTIVO"
"989";"baby";"Sprouts - Bean";"16303,11";"26057,06";"19.00 %";"INACTIVO"
"681";"baby";"Sprouts Dikon";"16782,08";"27704,04";"19.00 %";"INACTIVO"
"299";"baby";"Squash - Pattypan, Yellow";"16616,65";"29404,58";"5.00 %";"INACTIVO"
"4";"baby";"Steampan - Half Size Shallow";"10175,92";"25709,11";"5.00 %";"ACTIVO"
"199";"baby";"Table Cloth - 53x69 Colour";"13435,89";"29265,92";"19.00 %";"ACTIVO"
"286";"baby";"Table Cloth 144x90 White";"10499,47";"25126,29";"19.00 %";"INACTIVO"
"566";"baby";"Tea - Apple Green Tea";"16941,36";"26159,45";"19.00 %";"ACTIVO"
"341";"baby";"Tequila Rose Cream Liquor";"18981,25";"26084,08";"5.00 %";"INACTIVO"
"586";"baby";"The Pop Shoppe - Root Beer";"14142,15";"28769,08";"0.00 %";"INACTIVO"
"431";"baby";"Tomatoes - Heirloom";"12688,55";"28620,41";"0.00 %";"INACTIVO"
"837";"baby";"Tomatoes - Vine Ripe, Red";"13512,62";"29723,17";"5.00 %";"ACTIVO"
"152";"baby";"Tomatoes - Vine Ripe, Red";"14098,47";"29869,88";"0.00 %";"ACTIVO"
"714";"baby";"Tomatoes - Vine Ripe, Red";"19984,16";"28855,32";"19.00 %";"INACTIVO"
"111";"baby";"Towel - Roll White";"10024,40";"27198,39";"19.00 %";"ACTIVO"
"90";"baby";"Tray - Foam, Square 4 - S";"17707,07";"25766,89";"5.00 %";"ACTIVO"
"791";"baby";"Trout - Hot Smkd, Dbl Fillet";"18978,88";"26026,38";"5.00 %";"INACTIVO"
"591";"baby";"Trueblue - Blueberry";"14082,48";"25559,28";"19.00 %";"INACTIVO"
"796";"baby";"Truffle Cups - White Paper";"19021,73";"28614,36";"19.00 %";"ACTIVO"
"77";"baby";"Truffle Shells - White Chocolate";"14500,48";"29810,16";"5.00 %";"INACTIVO"
"984";"baby";"Tuna - Salad Premix";"11521,54";"29195,45";"19.00 %";"INACTIVO"
"711";"baby";"Turkey Tenderloin Frozen";"19284,61";"27968,89";"19.00 %";"ACTIVO"
"574";"baby";"Veal - Insides Provini";"14495,22";"28043,82";"19.00 %";"INACTIVO"
"924";"baby";"Veal - Loin";"14084,08";"26232,43";"0.00 %";"ACTIVO"
"140";"baby";"Veal - Tenderloin, Untrimmed";"17531,92";"26705,08";"5.00 %";"INACTIVO"
"757";"baby";"Veal Inside - Provimi";"17714,79";"28929,66";"5.00 %";"ACTIVO"
"988";"baby";"Vodka - Smirnoff";"15102,68";"29079,57";"19.00 %";"INACTIVO"
"370";"baby";"Waffle Stix";"18693,57";"27431,28";"19.00 %";"ACTIVO"
"604";"baby";"Water - San Pellegrino";"11897,86";"28008,04";"0.00 %";"ACTIVO"
"862";"baby";"Water Chestnut - Canned";"19488,72";"26040,00";"0.00 %";"ACTIVO"
"686";"baby";"Water Chestnut - Canned";"12032,21";"27282,69";"0.00 %";"INACTIVO"
"385";"baby";"Whmis - Spray Bottle Trigger";"17025,14";"28546,92";"19.00 %";"INACTIVO"
"456";"baby";"Wine - Champagne Brut Veuve";"11791,54";"25031,09";"5.00 %";"ACTIVO"
"597";"baby";"Wine - Chateau Bonnet";"11862,02";"29539,98";"19.00 %";"INACTIVO"
"737";"baby";"Wine - Domaine Boyar Royal";"14063,85";"27189,99";"0.00 %";"INACTIVO"
"621";"baby";"Wine - Gato Negro Cabernet";"11765,36";"28288,79";"5.00 %";"ACTIVO"
"855";"baby";"Wine - Guy Sage Touraine";"15598,56";"28462,00";"19.00 %";"ACTIVO"
"659";"baby";"Wine - Jafflin Bourgongone";"18756,85";"29422,28";"0.00 %";"ACTIVO"
"205";"baby";"Wine - Jafflin Bourgongone";"19506,73";"25949,60";"0.00 %";"ACTIVO"
"480";"baby";"Wine - Jafflin Bourgongone";"15610,78";"25334,52";"0.00 %";"INACTIVO"
"511";"baby";"Wine - Lou Black Shiraz";"10785,48";"29626,24";"5.00 %";"ACTIVO"
"740";"baby";"Wine - Manischewitz Concord";"19269,76";"26828,26";"0.00 %";"ACTIVO"
"133";"baby";"Wine - Mondavi Coastal Private";"19893,50";"26947,39";"19.00 %";"INACTIVO"
"925";"baby";"Wine - Red, Mosaic Zweigelt";"10160,51";"26546,46";"0.00 %";"INACTIVO"
"481";"baby";"Wine - Ruffino Chianti";"10797,50";"25273,25";"5.00 %";"ACTIVO"
"712";"baby";"Wine - Soave Folonari";"16365,38";"26406,64";"5.00 %";"INACTIVO"
"782";"baby";"Wine - Sogrape Mateus Rose";"17984,58";"29828,28";"0.00 %";"ACTIVO"
"317";"baby";"Wine - Vidal Icewine Magnotta";"19037,14";"29091,45";"5.00 %";"INACTIVO"
"903";"baby";"Wine - Vouvray Cuvee Domaine";"11783,41";"27269,47";"0.00 %";"INACTIVO"
"163";"baby";"Wine La Vielle Ferme Cote Du";"15803,98";"25344,13";"5.00 %";"ACTIVO"
"113";"baby";"Yeast - Fresh, Fleischman";"16972,25";"28996,29";"19.00 %";"INACTIVO"
"889";"baby";"Zucchini - Mini, Green";"17031,57";"27329,07";"5.00 %";"ACTIVO"
"102";"cleaning";"Anchovy Paste - 56 G Tube";"14882,32";"26331,98";"0.00 %";"ACTIVO"
"122";"cleaning";"Appetizer - Mango Chevre";"18296,77";"27757,90";"19.00 %";"INACTIVO"
"55";"cleaning";"Appetizer - Southwestern";"18238,35";"25285,22";"19.00 %";"ACTIVO"
"778";"cleaning";"Apple - Macintosh";"14834,45";"28929,16";"0.00 %";"ACTIVO"
"468";"cleaning";"Apple - Macintosh";"11902,73";"25960,71";"5.00 %";"ACTIVO"
"927";"cleaning";"Asparagus - Frozen";"17478,25";"25199,08";"5.00 %";"INACTIVO"
"312";"cleaning";"Bagelers";"14784,69";"27726,32";"0.00 %";"ACTIVO"
"88";"cleaning";"Baking Soda";"18744,35";"29540,49";"5.00 %";"INACTIVO"
"549";"cleaning";"Bar Special K";"10761,82";"28673,86";"0.00 %";"ACTIVO"
"764";"cleaning";"Basil - Primerba, Paste";"15581,54";"27620,57";"0.00 %";"ACTIVO"
"548";"cleaning";"Beans - Fine";"14208,11";"29952,77";"19.00 %";"INACTIVO"
"516";"cleaning";"Beans - Wax";"11251,99";"27649,61";"5.00 %";"INACTIVO"
"761";"cleaning";"Beef - Ground Medium";"10416,74";"28154,11";"5.00 %";"INACTIVO"
"633";"cleaning";"Beef - Montreal Smoked Brisket";"16397,69";"25639,04";"5.00 %";"ACTIVO"
"9";"cleaning";"Beef - Outside, Round";"13252,34";"28007,73";"19.00 %";"INACTIVO"
"822";"cleaning";"Beef - Rib Eye Aaa";"10355,79";"29322,74";"0.00 %";"ACTIVO"
"492";"cleaning";"Beef - Rib Roast, Cap On";"11561,19";"28676,09";"0.00 %";"ACTIVO"
"663";"cleaning";"Beef - Shank";"13872,60";"29349,99";"5.00 %";"INACTIVO"
"897";"cleaning";"Beef - Short Loin";"10911,83";"26237,79";"0.00 %";"INACTIVO"
"910";"cleaning";"Beef - Short Ribs";"11761,50";"28630,64";"5.00 %";"ACTIVO"
"738";"cleaning";"Beef - Top Butt Aaa";"15883,70";"28571,59";"5.00 %";"ACTIVO"
"220";"cleaning";"Black Currants";"13536,37";"27463,22";"5.00 %";"INACTIVO"
"522";"cleaning";"Blue Curacao - Marie Brizard";"19531,63";"27222,28";"5.00 %";"INACTIVO"
"955";"cleaning";"Bread - Bistro White";"11201,66";"27324,12";"5.00 %";"INACTIVO"
"982";"cleaning";"Bread - Calabrese Baguette";"18267,01";"27856,53";"5.00 %";"ACTIVO"
"116";"cleaning";"Bread - Corn Muffaletta";"15214,67";"25296,05";"5.00 %";"ACTIVO"
"157";"cleaning";"Bread - Crumbs, Bulk";"18546,13";"26226,61";"0.00 %";"ACTIVO"
"801";"cleaning";"Bread - Rolls, Rye";"16413,66";"29359,15";"19.00 %";"INACTIVO"
"667";"cleaning";"Bread Base - Italian";"11890,05";"26130,82";"19.00 %";"ACTIVO"
"451";"cleaning";"Bread Bowl Plain";"17243,65";"27456,94";"5.00 %";"ACTIVO"
"629";"cleaning";"Bread Ww Cluster";"13708,74";"29307,57";"19.00 %";"INACTIVO"
"637";"cleaning";"Broccoli - Fresh";"15510,21";"25076,20";"19.00 %";"INACTIVO"
"594";"cleaning";"Brownies - Two Bite, Chocolate";"19668,73";"25613,41";"5.00 %";"ACTIVO"
"580";"cleaning";"Burger Veggie";"17352,54";"25561,19";"19.00 %";"INACTIVO"
"544";"cleaning";"Butter - Pod";"12433,95";"26572,88";"5.00 %";"ACTIVO"
"382";"cleaning";"Cabbage - Red";"13176,88";"26739,29";"19.00 %";"ACTIVO"
"693";"cleaning";"Cake - Cheese Cake 9 Inch";"12997,50";"29867,21";"5.00 %";"ACTIVO"
"763";"cleaning";"Cake - Night And Day Choclate";"10191,34";"28853,33";"5.00 %";"ACTIVO"
"817";"cleaning";"Champagne - Brights, Dry";"11670,74";"29163,52";"19.00 %";"INACTIVO"
"509";"cleaning";"Cheese - Blue";"10180,01";"25538,99";"5.00 %";"ACTIVO"
"928";"cleaning";"Cheese - Cambozola";"19420,08";"26973,45";"5.00 %";"ACTIVO"
"593";"cleaning";"Cheese - Comte";"14958,01";"28167,82";"0.00 %";"ACTIVO"
"868";"cleaning";"Cheese - Comte";"12717,67";"28684,48";"0.00 %";"ACTIVO"
"752";"cleaning";"Cheese - Le Cru Du Clocher";"13265,31";"27929,18";"0.00 %";"ACTIVO"
"229";"cleaning";"Cheese - Pont Couvert";"18792,02";"26224,43";"0.00 %";"INACTIVO"
"356";"cleaning";"Cheese - Ricotta";"18455,06";"25924,96";"5.00 %";"ACTIVO"
"650";"cleaning";"Cheese - Woolwich Goat, Log";"11470,50";"27544,81";"19.00 %";"ACTIVO"
"365";"cleaning";"Chicken - White Meat, No Tender";"11637,74";"28288,49";"0.00 %";"INACTIVO"
"639";"cleaning";"Chicken Giblets";"16805,07";"25207,09";"5.00 %";"ACTIVO"
"438";"cleaning";"Chickensplit Half";"12914,50";"28991,35";"0.00 %";"INACTIVO"
"95";"cleaning";"Chinese Foods - Pepper Beef";"11046,16";"28351,20";"19.00 %";"INACTIVO"
"14";"cleaning";"Chinese Foods - Thick Noodles";"18555,79";"25793,64";"19.00 %";"ACTIVO"
"564";"cleaning";"Chocolate - Pistoles, Lactee, Milk";"10679,64";"26279,47";"19.00 %";"INACTIVO"
"608";"cleaning";"Cloves - Ground";"10606,47";"28046,61";"0.00 %";"INACTIVO"
"91";"cleaning";"Cocktail Napkin Blue";"18667,49";"28632,60";"19.00 %";"ACTIVO"
"40";"cleaning";"Coffee Cup 16oz Foam";"14819,06";"28554,09";"5.00 %";"INACTIVO"
"614";"cleaning";"Cookie Double Choco";"11159,49";"27551,38";"0.00 %";"INACTIVO"
"561";"cleaning";"Cookies - Englishbay Wht";"17221,66";"29649,60";"19.00 %";"ACTIVO"
"900";"cleaning";"Cranberries - Fresh";"14708,77";"28800,21";"19.00 %";"ACTIVO"
"618";"cleaning";"Cranberries - Frozen";"11890,63";"29327,19";"19.00 %";"ACTIVO"
"827";"cleaning";"Crawfish";"14790,68";"26965,05";"0.00 %";"INACTIVO"
"819";"cleaning";"Creme De Cacao White";"15543,66";"29415,04";"0.00 %";"ACTIVO"
"137";"cleaning";"Creme De Cacao White";"19680,91";"27316,62";"5.00 %";"ACTIVO"
"734";"cleaning";"Creme De Menth - White";"19969,38";"28824,06";"19.00 %";"INACTIVO"
"723";"cleaning";"Dasheen";"15456,12";"26557,58";"19.00 %";"ACTIVO"
"789";"cleaning";"Dill Weed - Dry";"15206,54";"29152,35";"0.00 %";"ACTIVO"
"701";"cleaning";"Doilies - 12, Paper";"18221,89";"25625,79";"19.00 %";"INACTIVO"
"938";"cleaning";"Ecolab Digiclean Mild Fm";"18838,01";"25727,58";"19.00 %";"ACTIVO"
"645";"cleaning";"Fennel - Seeds";"19763,68";"26819,51";"19.00 %";"ACTIVO"
"109";"cleaning";"Fiddlehead - Frozen";"13337,40";"26871,44";"5.00 %";"INACTIVO"
"156";"cleaning";"Filling - Mince Meat";"18301,75";"29632,17";"5.00 %";"ACTIVO"
"836";"cleaning";"Fish - Base, Bouillion";"13910,03";"29384,43";"19.00 %";"ACTIVO"
"642";"cleaning";"Five Alive Citrus";"19735,55";"25081,51";"5.00 %";"ACTIVO"
"169";"cleaning";"Flour Dark Rye";"13589,96";"28160,37";"19.00 %";"ACTIVO"
"600";"cleaning";"Flower - Carnations";"12664,64";"26478,10";"0.00 %";"ACTIVO"
"539";"cleaning";"Flower - Commercial Bronze";"13280,16";"25669,65";"0.00 %";"ACTIVO"
"980";"cleaning";"Fork - Plastic";"17064,35";"29215,78";"5.00 %";"INACTIVO"
"961";"cleaning";"Galliano";"11275,49";"27665,45";"0.00 %";"INACTIVO"
"993";"cleaning";"Garbage Bag - Clear";"13443,25";"27568,35";"0.00 %";"INACTIVO"
"507";"cleaning";"Garbage Bags - Black";"10482,76";"27104,01";"19.00 %";"INACTIVO"
"259";"cleaning";"Gatorade - Fruit Punch";"14498,22";"27541,77";"19.00 %";"ACTIVO"
"923";"cleaning";"Glass Clear 8 Oz";"15451,94";"26883,50";"19.00 %";"ACTIVO"
"458";"cleaning";"Goldschalger";"16206,27";"28669,46";"0.00 %";"INACTIVO"
"268";"cleaning";"Halibut - Steaks";"12815,65";"29073,83";"5.00 %";"INACTIVO"
"497";"cleaning";"Ice Cream Bar - Drumstick";"11595,36";"26553,31";"0.00 %";"INACTIVO"
"410";"cleaning";"Ice Cream Bar - Hageen Daz To";"10249,82";"25436,53";"5.00 %";"INACTIVO"
"426";"cleaning";"Ice Cream Bar - Hagen Daz";"17549,86";"27441,11";"0.00 %";"ACTIVO"
"300";"cleaning";"Icecream - Dstk Strw Chseck";"16147,97";"25796,01";"19.00 %";"ACTIVO"
"977";"cleaning";"Icecream Cone - Areo Chocolate";"19144,88";"26707,95";"5.00 %";"ACTIVO"
"149";"cleaning";"Island Oasis - Banana Daiquiri";"18780,42";"29963,51";"19.00 %";"ACTIVO"
"334";"cleaning";"Jolt Cola - Electric Blue";"12614,93";"26151,41";"0.00 %";"INACTIVO"
"177";"cleaning";"Juice - Grape, White";"15448,66";"28056,75";"5.00 %";"INACTIVO"
"123";"cleaning";"Juice - Happy Planet";"14418,14";"28021,66";"5.00 %";"ACTIVO"
"579";"cleaning";"Juice - Orange 1.89l";"19576,62";"29789,82";"0.00 %";"INACTIVO"
"461";"cleaning";"Juice - Tomato, 48 Oz";"12932,53";"28766,26";"0.00 %";"INACTIVO"
"848";"cleaning";"Kahlua";"12122,14";"28206,17";"5.00 %";"ACTIVO"
"570";"cleaning";"Kellogs Cereal In A Cup";"17529,61";"25688,53";"0.00 %";"INACTIVO"
"186";"cleaning";"Ketchup - Tomato";"10799,71";"28303,69";"0.00 %";"INACTIVO"
"785";"cleaning";"Lamb - Racks, Frenched";"17145,33";"29996,21";"0.00 %";"ACTIVO"
"204";"cleaning";"Lamb - Sausage Casings";"12663,29";"27066,98";"5.00 %";"INACTIVO"
"344";"cleaning";"Leeks - Baby, White";"18363,76";"29151,53";"19.00 %";"ACTIVO"
"678";"cleaning";"Lettuce - Frisee";"15055,04";"26568,42";"5.00 %";"INACTIVO"
"937";"cleaning";"Lobster - Live";"17080,80";"25752,12";"5.00 %";"INACTIVO"
"240";"cleaning";"Madeira";"13706,58";"27895,27";"5.00 %";"INACTIVO"
"436";"cleaning";"Maintenance Removal Charge";"17793,72";"25170,42";"19.00 %";"INACTIVO"
"327";"cleaning";"Milk - Condensed";"10698,70";"29835,86";"0.00 %";"ACTIVO"
"69";"cleaning";"Milk - Homo";"12983,13";"28131,12";"19.00 %";"INACTIVO"
"473";"cleaning";"Milk - Homo";"17087,73";"27403,08";"0.00 %";"ACTIVO"
"908";"cleaning";"Miso Paste White";"17304,20";"27395,01";"0.00 %";"INACTIVO"
"372";"cleaning";"Molasses - Fancy";"17722,55";"27175,19";"5.00 %";"INACTIVO"
"147";"cleaning";"Momiji Oroshi Chili Sauce";"17294,69";"29696,42";"0.00 %";"ACTIVO"
"185";"cleaning";"Monkfish - Fresh";"13392,86";"27955,43";"0.00 %";"INACTIVO"
"874";"cleaning";"Mudslide";"13137,84";"25292,63";"0.00 %";"INACTIVO"
"161";"cleaning";"Mushroom - Chanterelle, Dry";"18129,43";"25018,39";"5.00 %";"INACTIVO"
"301";"cleaning";"Mushroom - Chantrelle, Fresh";"13286,91";"28814,97";"0.00 %";"INACTIVO"
"899";"cleaning";"Mushroom - Chantrelle, Fresh";"12615,79";"26896,01";"19.00 %";"ACTIVO"
"192";"cleaning";"Mushroom - Trumpet, Dry";"15084,94";"25589,51";"19.00 %";"ACTIVO"
"913";"cleaning";"Nacho Chips";"12818,98";"26489,32";"5.00 %";"INACTIVO"
"676";"cleaning";"Nantucket - Pomegranate Pear";"13779,97";"29949,70";"0.00 %";"INACTIVO"
"490";"cleaning";"Nantucket Cranberry Juice";"10710,29";"26255,52";"5.00 %";"INACTIVO"
"865";"cleaning";"Napkin White";"15860,63";"27388,70";"19.00 %";"ACTIVO"
"920";"cleaning";"Noodles - Cellophane, Thin";"12048,09";"26314,86";"0.00 %";"INACTIVO"
"188";"cleaning";"Oil - Hazelnut";"16442,14";"28215,73";"5.00 %";"INACTIVO"
"352";"cleaning";"Olives - Stuffed";"19058,06";"27742,99";"19.00 %";"ACTIVO"
"575";"cleaning";"Onion - Dried";"14753,23";"27552,77";"19.00 %";"INACTIVO"
"191";"cleaning";"Parsley - Dried";"10857,82";"25181,55";"19.00 %";"ACTIVO"
"999";"cleaning";"Pasta - Cannelloni, Sheets, Fresh";"14831,25";"29665,03";"5.00 %";"INACTIVO"
"491";"cleaning";"Pastry - Apple Large";"18273,16";"28858,43";"5.00 %";"ACTIVO"
"125";"cleaning";"Pastry - Apple Muffins - Mini";"18000,44";"26217,42";"0.00 %";"ACTIVO"
"508";"cleaning";"Pea - Snow";"15202,18";"28602,32";"0.00 %";"ACTIVO"
"864";"cleaning";"Pear - Halves";"12067,09";"27590,59";"19.00 %";"ACTIVO"
"502";"cleaning";"Pear - Prickly";"12388,12";"28790,79";"0.00 %";"ACTIVO"
"406";"cleaning";"Pepper - Chillies, Crushed";"14855,49";"28716,97";"19.00 %";"INACTIVO"
"978";"cleaning";"Pepper - Green Thai";"15701,81";"28234,34";"19.00 %";"INACTIVO"
"57";"cleaning";"Pepper - Red, Finger Hot";"10211,89";"29361,08";"5.00 %";"ACTIVO"
"43";"cleaning";"Pepsi, 355 Ml";"13295,40";"28683,29";"0.00 %";"ACTIVO"
"244";"cleaning";"Plaintain";"12569,92";"26469,49";"5.00 %";"ACTIVO"
"771";"cleaning";"Pork - Back, Short Cut, Boneless";"13297,15";"29548,51";"0.00 %";"INACTIVO"
"41";"cleaning";"Pork - Backs - Boneless";"18992,97";"26268,49";"19.00 %";"ACTIVO"
"311";"cleaning";"Pork - Chop, Frenched";"18952,56";"27652,05";"19.00 %";"INACTIVO"
"437";"cleaning";"Pork - Ham Hocks - Smoked";"13131,84";"26752,72";"19.00 %";"INACTIVO"
"768";"cleaning";"Propel Sport Drink";"10014,29";"27247,45";"19.00 %";"INACTIVO"
"666";"cleaning";"Prunes - Pitted";"16892,24";"28445,46";"5.00 %";"INACTIVO"
"677";"cleaning";"Puree - Passion Fruit";"16390,12";"25321,57";"5.00 %";"ACTIVO"
"630";"cleaning";"Quail Eggs - Canned";"14379,78";"28218,69";"19.00 %";"INACTIVO"
"394";"cleaning";"Rice Wine - Aji Mirin";"16361,68";"27435,76";"0.00 %";"ACTIVO"
"277";"cleaning";"Roe - Lump Fish, Red";"12957,36";"28175,09";"5.00 %";"ACTIVO"
"6";"cleaning";"Rootbeer";"16605,94";"27155,72";"19.00 %";"INACTIVO"
"823";"cleaning";"Russian Prince";"13802,59";"25903,94";"5.00 %";"ACTIVO"
"538";"cleaning";"Salt - Sea";"17500,18";"25683,00";"0.00 %";"INACTIVO"
"704";"cleaning";"Sauerkraut";"14858,72";"26995,06";"5.00 %";"INACTIVO"
"954";"cleaning";"Seedlings - Buckwheat, Organic";"13319,70";"25472,56";"5.00 %";"ACTIVO"
"452";"cleaning";"Seedlings - Buckwheat, Organic";"10262,50";"27356,65";"5.00 %";"INACTIVO"
"13";"cleaning";"Shrimp - 100 / 200 Cold Water";"11170,42";"28107,52";"0.00 %";"INACTIVO"
"847";"cleaning";"Shrimp - 16 - 20 Cooked, Peeled";"15736,97";"27529,01";"5.00 %";"INACTIVO"
"893";"cleaning";"Sobe - Berry Energy";"18374,34";"25675,34";"19.00 %";"ACTIVO"
"401";"cleaning";"Sobe - Cranberry Grapefruit";"11861,77";"26643,61";"19.00 %";"ACTIVO"
"736";"cleaning";"Sobe - Green Tea";"13017,84";"26848,47";"0.00 %";"INACTIVO"
"155";"cleaning";"Sobe - Liz Blizz";"11424,94";"28254,47";"19.00 %";"ACTIVO"
"158";"cleaning";"Soup - Campbells, Lentil";"17973,86";"26841,78";"0.00 %";"INACTIVO"
"795";"cleaning";"Soup - Cream Of Broccoli";"17923,06";"25833,78";"5.00 %";"ACTIVO"
"400";"cleaning";"Sour Puss Sour Apple";"15321,87";"26799,98";"0.00 %";"ACTIVO"
"942";"cleaning";"Sour Puss Sour Apple";"15900,89";"27602,28";"19.00 %";"INACTIVO"
"269";"cleaning";"Sparkling Wine - Rose, Freixenet";"16189,03";"29645,03";"19.00 %";"ACTIVO"
"72";"cleaning";"Spinach - Baby";"11189,12";"29111,91";"0.00 %";"ACTIVO"
"690";"cleaning";"Squash - Pattypan, Yellow";"16298,51";"28803,40";"5.00 %";"INACTIVO"
"975";"cleaning";"Sterno - Chafing Dish Fuel";"18942,82";"27903,94";"0.00 %";"ACTIVO"
"952";"cleaning";"Sugar - Invert";"19596,70";"26504,43";"5.00 %";"ACTIVO"
"719";"cleaning";"Sugar - Splenda Sweetener";"18766,39";"28890,91";"0.00 %";"ACTIVO"
"381";"cleaning";"Table Cloth 54x72 White";"15437,40";"27781,30";"5.00 %";"ACTIVO"
"134";"cleaning";"Table Cloth 81x81 Colour";"13854,67";"29467,42";"19.00 %";"INACTIVO"
"305";"cleaning";"Tamarind Paste";"16066,08";"27334,93";"0.00 %";"ACTIVO"
"447";"cleaning";"Tea - Decaf Lipton";"12361,21";"25606,13";"0.00 %";"INACTIVO"
"702";"cleaning";"Tea - Mint";"13977,91";"25788,26";"0.00 %";"ACTIVO"
"146";"cleaning";"Tomatoes Tear Drop";"13348,04";"28854,40";"5.00 %";"ACTIVO"
"653";"cleaning";"Trueblue - Blueberry Cranberry";"11636,37";"25137,60";"0.00 %";"ACTIVO"
"833";"cleaning";"Truffle - Whole Black Peeled";"11943,34";"27135,60";"19.00 %";"INACTIVO"
"876";"cleaning";"Truffle Paste";"10872,61";"29321,01";"0.00 %";"INACTIVO"
"888";"cleaning";"Turkey - Breast, Bone - In";"19904,57";"27751,12";"19.00 %";"INACTIVO"
"44";"cleaning";"Turkey - Ground. Lean";"19214,61";"28761,26";"19.00 %";"INACTIVO"
"914";"cleaning";"Turnip - White";"10240,56";"29625,82";"0.00 %";"INACTIVO"
"12";"cleaning";"Venison - Ground";"14303,04";"25474,48";"19.00 %";"ACTIVO"
"219";"cleaning";"Vinegar - Champagne";"19754,92";"27471,31";"19.00 %";"ACTIVO"
"917";"cleaning";"Water - Aquafina Vitamin";"16861,42";"27793,69";"0.00 %";"ACTIVO"
"166";"cleaning";"Watercress";"11816,62";"28818,47";"0.00 %";"INACTIVO"
"835";"cleaning";"Whmis Spray Bottle Graduated";"13900,05";"28734,27";"5.00 %";"INACTIVO"
"5";"cleaning";"Wiberg Super Cure";"12015,41";"28803,61";"19.00 %";"INACTIVO"
"617";"cleaning";"Wine - Alicanca Vinho Verde";"16058,16";"27892,72";"0.00 %";"ACTIVO"
"611";"cleaning";"Wine - Balbach Riverside";"19715,63";"25480,08";"5.00 %";"INACTIVO"
"206";"cleaning";"Wine - Barolo Fontanafredda";"14422,40";"29492,16";"5.00 %";"INACTIVO"
"520";"cleaning";"Wine - Cahors Ac 2000, Clos";"10273,23";"26517,05";"5.00 %";"INACTIVO"
"931";"cleaning";"Wine - Casillero Del Diablo";"11611,30";"26634,00";"19.00 %";"INACTIVO"
"145";"cleaning";"Wine - Cava Aria Estate Brut";"18717,13";"28812,05";"19.00 %";"INACTIVO"
"28";"cleaning";"Wine - Domaine Boyar Royal";"18169,88";"27692,45";"5.00 %";"ACTIVO"
"108";"cleaning";"Wine - Fat Bastard Merlot";"11426,60";"29172,44";"19.00 %";"INACTIVO"
"162";"cleaning";"Wine - Magnotta - Cab Sauv";"15167,54";"29464,07";"19.00 %";"ACTIVO"
"459";"cleaning";"Wine - Merlot Vina Carmen";"12483,55";"29066,28";"0.00 %";"INACTIVO"
"710";"cleaning";"Wine - Montecillo Rioja Crianza";"17795,00";"28668,73";"5.00 %";"INACTIVO"
"203";"cleaning";"Wine - Pinot Noir Mondavi Coastal";"11437,43";"26755,48";"5.00 %";"ACTIVO"
"582";"cleaning";"Wine - Red, Concha Y Toro";"17376,71";"27482,74";"19.00 %";"ACTIVO"
"47";"cleaning";"Wine - Rosso Del Veronese Igt";"16730,57";"28423,39";"0.00 %";"ACTIVO"
"504";"cleaning";"Wine - Rubyport";"10051,70";"28582,22";"19.00 %";"ACTIVO"
"212";"cleaning";"Wine - White, Colubia Cresh";"15850,39";"29413,39";"0.00 %";"INACTIVO"
"440";"cleaning";"Wine - White, Riesling, Semi - Dry";"15239,66";"26462,18";"5.00 %";"INACTIVO"
"750";"cleaning";"Yams";"17102,53";"26251,68";"0.00 %";"ACTIVO"
"718";"dairy";"Appetizer - Asian Shrimp Roll";"18012,30";"25071,02";"19.00 %";"ACTIVO"
"100";"dairy";"Appetizer - Escargot Puff";"11377,95";"28746,72";"0.00 %";"ACTIVO"
"232";"dairy";"Apple - Delicious, Golden";"19495,80";"29267,67";"5.00 %";"INACTIVO"
"29";"dairy";"Apple - Macintosh";"10367,48";"25723,82";"19.00 %";"INACTIVO"
"413";"dairy";"Apricots Fresh";"11922,50";"25597,68";"19.00 %";"ACTIVO"
"318";"dairy";"Bag - Clear 7 Lb";"13947,10";"25784,60";"5.00 %";"INACTIVO"
"643";"dairy";"Bag - Regular Kraft 20 Lb";"15931,30";"28946,98";"0.00 %";"ACTIVO"
"478";"dairy";"Bagel - Ched Chs Presliced";"12768,10";"27159,75";"19.00 %";"INACTIVO"
"389";"dairy";"Barley - Pearl";"10998,98";"29676,02";"0.00 %";"ACTIVO"
"441";"dairy";"Beans - Black Bean, Preserved";"11516,59";"26340,67";"19.00 %";"ACTIVO"
"830";"dairy";"Beans - Fine";"11285,82";"27670,39";"5.00 %";"ACTIVO"
"453";"dairy";"Beans - Turtle, Black, Dry";"15143,27";"29221,48";"0.00 %";"ACTIVO"
"698";"dairy";"Beer - Creemore";"12347,33";"26016,65";"0.00 %";"INACTIVO"
"494";"dairy";"Beer - Guiness";"19586,06";"26928,60";"5.00 %";"INACTIVO"
"671";"dairy";"Beer - Moosehead";"18934,80";"29354,92";"19.00 %";"ACTIVO"
"557";"dairy";"Beets - Pickled";"16400,30";"25070,42";"0.00 %";"INACTIVO"
"867";"dairy";"Blackberries";"12644,35";"26868,99";"5.00 %";"ACTIVO"
"521";"dairy";"Bowl 12 Oz - Showcase 92012";"10942,91";"25133,64";"19.00 %";"INACTIVO"
"854";"dairy";"Bread - 10 Grain Parisian";"11118,37";"27879,40";"0.00 %";"INACTIVO"
"802";"dairy";"Bread - Burger";"19466,13";"28009,53";"19.00 %";"INACTIVO"
"857";"dairy";"Bread - Corn Muffaleta Onion";"13517,92";"27762,25";"0.00 %";"ACTIVO"
"154";"dairy";"Bread - Pain Au Liat X12";"17321,32";"26380,69";"5.00 %";"ACTIVO"
"792";"dairy";"Bread - Pumpernickle, Rounds";"10506,82";"28939,62";"19.00 %";"INACTIVO"
"911";"dairy";"Bread - Roll, Italian";"13715,40";"26918,82";"5.00 %";"ACTIVO"
"193";"dairy";"Bread - Roll, Italian";"18810,30";"27169,45";"5.00 %";"INACTIVO"
"545";"dairy";"Bread Base - Gold Formel";"17654,25";"28013,46";"5.00 %";"ACTIVO"
"465";"dairy";"Bread Base - Goodhearth";"17096,32";"28908,76";"5.00 %";"ACTIVO"
"501";"dairy";"Bread Fig And Almond";"11029,33";"28007,71";"0.00 %";"INACTIVO"
"223";"dairy";"Bread Foccacia Whole";"17692,01";"28198,40";"19.00 %";"INACTIVO"
"964";"dairy";"Buffalo - Short Rib Fresh";"14378,98";"26454,43";"19.00 %";"INACTIVO"
"744";"dairy";"Cake - Lemon Chiffon";"17973,03";"25520,23";"5.00 %";"ACTIVO"
"747";"dairy";"Capon - Breast, Wing On";"13365,86";"27263,87";"5.00 %";"ACTIVO"
"482";"dairy";"Cauliflower";"15351,53";"27811,81";"5.00 %";"ACTIVO"
"565";"dairy";"Cheese - Brie Roitelet";"11382,30";"26184,65";"19.00 %";"INACTIVO"
"58";"dairy";"Cheese - Brie Roitelet";"17778,76";"25056,98";"0.00 %";"INACTIVO"
"584";"dairy";"Cheese - Brie, Triple Creme";"19394,52";"26683,32";"5.00 %";"ACTIVO"
"515";"dairy";"Cheese - Goat With Herbs";"19700,59";"26343,03";"19.00 %";"ACTIVO"
"379";"dairy";"Cheese - Gouda Smoked";"10609,39";"29988,21";"0.00 %";"ACTIVO"
"302";"dairy";"Cheese - Romano, Grated";"15677,05";"29318,02";"5.00 %";"ACTIVO"
"83";"dairy";"Cheese - Roquefort Pappillon";"11395,10";"26237,94";"5.00 %";"INACTIVO"
"668";"dairy";"Chicken - Leg / Back Attach";"12094,84";"29617,91";"5.00 %";"INACTIVO"
"758";"dairy";"Chicken - Leg, Boneless";"12322,19";"25138,93";"19.00 %";"ACTIVO"
"150";"dairy";"Chicken Giblets";"13306,12";"25961,16";"0.00 %";"INACTIVO"
"361";"dairy";"Chocolate - Dark";"14757,90";"25074,54";"19.00 %";"INACTIVO"
"971";"dairy";"Chocolate - Milk, Callets";"14190,19";"27150,17";"5.00 %";"INACTIVO"
"3";"dairy";"Clams - Bay";"13865,00";"26981,34";"0.00 %";"ACTIVO"
"805";"dairy";"Clams - Bay";"17981,48";"27250,52";"0.00 %";"INACTIVO"
"383";"dairy";"Cookie - Oreo 100x2";"12656,93";"25778,32";"0.00 %";"ACTIVO"
"717";"dairy";"Crab - Dungeness, Whole";"11687,15";"29621,07";"5.00 %";"ACTIVO"
"2";"dairy";"Croissants Thaw And Serve";"12469,36";"28425,39";"0.00 %";"ACTIVO"
"261";"dairy";"Crush - Cream Soda";"16656,95";"25130,57";"0.00 %";"ACTIVO"
"463";"dairy";"Currants";"19131,96";"28067,87";"5.00 %";"INACTIVO"
"180";"dairy";"Curry Paste - Green Masala";"15056,09";"29208,69";"5.00 %";"INACTIVO"
"110";"dairy";"Daikon Radish";"19369,06";"25618,87";"0.00 %";"INACTIVO"
"808";"dairy";"Doilies - 5, Paper";"13911,77";"29574,96";"0.00 %";"INACTIVO"
"529";"dairy";"Doilies - 8, Paper";"11428,75";"27466,42";"5.00 %";"ACTIVO"
"471";"dairy";"Dried Apple";"18917,15";"29989,58";"0.00 %";"ACTIVO"
"298";"dairy";"Duck - Legs";"15528,58";"28378,98";"5.00 %";"INACTIVO"
"770";"dairy";"Fish - Bones";"15804,07";"25837,81";"0.00 %";"ACTIVO"
"376";"dairy";"Flavouring Vanilla Artificial";"19656,34";"27131,99";"19.00 %";"INACTIVO"
"869";"dairy";"Flour - Bread";"13686,09";"28617,96";"0.00 %";"ACTIVO"
"933";"dairy";"Flour - Cake";"19903,07";"29672,64";"0.00 %";"ACTIVO"
"353";"dairy";"Flour - Strong Pizza";"12046,14";"26297,37";"0.00 %";"ACTIVO"
"883";"dairy";"Flour - Teff";"15057,19";"28261,89";"19.00 %";"ACTIVO"
"386";"dairy";"Foil - 4oz Custard Cup";"11971,07";"28764,50";"0.00 %";"ACTIVO"
"282";"dairy";"Galliano";"19234,25";"27750,22";"0.00 %";"ACTIVO"
"53";"dairy";"Garbage Bags - Clear";"16660,12";"26025,81";"5.00 %";"ACTIVO"
"546";"dairy";"Glaze - Apricot";"19956,93";"26944,35";"5.00 %";"INACTIVO"
"477";"dairy";"Goat - Leg";"15780,47";"29733,95";"19.00 %";"ACTIVO"
"235";"dairy";"Graham Cracker Mix";"18760,98";"29912,44";"0.00 %";"INACTIVO"
"31";"dairy";"Grapefruit - Pink";"13363,45";"25351,02";"19.00 %";"INACTIVO"
"680";"dairy";"Grapes - Green";"15104,07";"28068,37";"0.00 %";"ACTIVO"
"721";"dairy";"Ham - Cooked";"17609,62";"27674,92";"5.00 %";"ACTIVO"
"519";"dairy";"Hand Towel";"17910,82";"29577,65";"19.00 %";"INACTIVO"
"972";"dairy";"Hand Towel";"10112,22";"26769,32";"5.00 %";"INACTIVO"
"295";"dairy";"Hummus - Spread";"11144,00";"25309,38";"5.00 %";"INACTIVO"
"335";"dairy";"Hummus - Spread";"14223,00";"28882,74";"0.00 %";"INACTIVO"
"906";"dairy";"Hummus - Spread";"17036,14";"26522,83";"5.00 %";"ACTIVO"
"148";"dairy";"Ice - Clear, 300 Lb For Carving";"18818,92";"27880,14";"5.00 %";"ACTIVO"
"349";"dairy";"Icecream - Dstk Super Cone";"17701,56";"25631,98";"19.00 %";"INACTIVO"
"351";"dairy";"Icecream Bar - Del Monte";"15944,15";"27748,18";"0.00 %";"INACTIVO"
"430";"dairy";"Iced Tea - Lemon, 340ml";"14649,41";"27227,21";"5.00 %";"ACTIVO"
"49";"dairy";"Instant Coffee";"10471,92";"26909,46";"0.00 %";"ACTIVO"
"164";"dairy";"Isomalt";"12930,37";"26189,02";"0.00 %";"ACTIVO"
"275";"dairy";"Jameson - Irish Whiskey";"12871,61";"27308,96";"5.00 %";"ACTIVO"
"239";"dairy";"Kellogs Special K Cereal";"12893,00";"25613,96";"5.00 %";"ACTIVO"
"571";"dairy";"Lamb - Leg, Bone In";"19546,53";"27544,39";"19.00 %";"INACTIVO"
"935";"dairy";"Lamb - Sausage Casings";"15030,16";"26740,00";"19.00 %";"ACTIVO"
"233";"dairy";"Langers - Ruby Red Grapfruit";"17413,38";"28626,38";"5.00 %";"INACTIVO"
"585";"dairy";"Lettuce - Romaine, Heart";"13882,48";"27108,31";"0.00 %";"INACTIVO"
"97";"dairy";"Lid Coffeecup 12oz D9542b";"11352,60";"28757,71";"5.00 %";"ACTIVO"
"332";"dairy";"Longos - Penne With Pesto";"16722,09";"29654,00";"19.00 %";"ACTIVO"
"396";"dairy";"Loquat";"16283,31";"28873,45";"19.00 %";"ACTIVO"
"958";"dairy";"Lotus Root";"12050,87";"26317,83";"5.00 %";"INACTIVO"
"553";"dairy";"Lotus Rootlets - Canned";"13868,91";"28028,32";"5.00 %";"INACTIVO"
"762";"dairy";"Lotus Rootlets - Canned";"14873,71";"28962,18";"19.00 %";"ACTIVO"
"654";"dairy";"Marjoram - Dried, Rubbed";"12702,02";"27779,60";"0.00 %";"INACTIVO"
"793";"dairy";"Melon - Honey Dew";"11248,19";"25182,03";"0.00 %";"INACTIVO"
"421";"dairy";"Mints - Striped Red";"15838,22";"26663,73";"19.00 %";"INACTIVO"
"535";"dairy";"Miso - Soy Bean Paste";"18739,49";"27941,42";"0.00 %";"ACTIVO"
"845";"dairy";"Muffin Hinge 117n";"12862,46";"28783,20";"19.00 %";"INACTIVO"
"500";"dairy";"Muffin Mix - Chocolate Chip";"17215,63";"27248,68";"5.00 %";"ACTIVO"
"891";"dairy";"Mustard - Pommery";"16082,90";"28509,34";"0.00 %";"ACTIVO"
"648";"dairy";"Nantucket - Orange Mango Cktl";"18234,83";"28685,13";"0.00 %";"INACTIVO"
"675";"dairy";"Napkin - Beverge, White 2 - Ply";"18624,04";"26902,65";"5.00 %";"ACTIVO"
"616";"dairy";"Noodles - Cellophane, Thin";"10948,65";"28112,54";"5.00 %";"ACTIVO"
"965";"dairy";"Nut - Peanut, Roasted";"10498,37";"25504,01";"5.00 %";"INACTIVO"
"815";"dairy";"Nut - Pistachio, Shelled";"17728,21";"28476,93";"5.00 %";"ACTIVO"
"231";"dairy";"Oil - Food, Lacquer Spray";"15608,33";"27755,66";"19.00 %";"ACTIVO"
"949";"dairy";"Oil - Peanut";"19973,10";"26614,95";"19.00 %";"INACTIVO"
"208";"dairy";"Olives - Morracan Dired";"14837,15";"26769,07";"19.00 %";"INACTIVO"
"62";"dairy";"Olives - Stuffed";"14337,58";"27392,58";"5.00 %";"ACTIVO"
"217";"dairy";"Olives - Stuffed";"17764,49";"26798,22";"0.00 %";"ACTIVO"
"859";"dairy";"Onions - Red";"13885,11";"26512,94";"0.00 %";"ACTIVO"
"724";"dairy";"Orange - Canned, Mandarin";"10155,78";"27579,87";"19.00 %";"INACTIVO"
"460";"dairy";"Pail - 15l White, With Handle";"14133,33";"27895,49";"19.00 %";"INACTIVO"
"722";"dairy";"Pail With Metal Handle 16l White";"19330,69";"25862,60";"5.00 %";"ACTIVO"
"873";"dairy";"Paper Cocktail Umberlla 80 - 180";"10068,37";"26901,52";"19.00 %";"ACTIVO"
"884";"dairy";"Parsley - Fresh";"14689,14";"26074,63";"5.00 %";"INACTIVO"
"399";"dairy";"Pasta - Canelloni, Single Serve";"10899,68";"29337,29";"5.00 %";"ACTIVO"
"493";"dairy";"Paste - Black Olive";"14972,68";"28095,57";"0.00 %";"ACTIVO"
"610";"dairy";"Pastry - Cheese Baked Scones";"19664,67";"25724,32";"0.00 %";"ACTIVO"
"414";"dairy";"Pastry - Chocolate Marble Tea";"14571,42";"27624,28";"0.00 %";"INACTIVO"
"664";"dairy";"Pears - Anjou";"10370,54";"26457,49";"19.00 %";"INACTIVO"
"638";"dairy";"Peas - Pigeon, Dry";"19391,44";"26910,75";"19.00 %";"ACTIVO"
"76";"dairy";"Pepper - Cubanelle";"15298,83";"28118,32";"5.00 %";"INACTIVO"
"960";"dairy";"Pepper - Orange";"19644,90";"28340,11";"0.00 %";"INACTIVO"
"578";"dairy";"Pepper - Red, Finger Hot";"15286,63";"26890,00";"0.00 %";"INACTIVO"
"861";"dairy";"Pepper - Red, Finger Hot";"14083,94";"26362,08";"5.00 %";"ACTIVO"
"495";"dairy";"Pie Shell - 5";"10561,62";"26467,67";"0.00 %";"INACTIVO"
"998";"dairy";"Plaintain";"16475,08";"26538,04";"0.00 %";"ACTIVO"
"806";"dairy";"Plasticknivesblack";"18096,42";"25492,04";"0.00 %";"ACTIVO"
"320";"dairy";"Pork - European Side Bacon";"18245,94";"29493,24";"19.00 %";"INACTIVO"
"487";"dairy";"Pork - Ham Hocks - Smoked";"10402,43";"28192,04";"19.00 %";"ACTIVO"
"797";"dairy";"Pork - Loin, Boneless";"17847,51";"27126,86";"19.00 %";"ACTIVO"
"992";"dairy";"Pork - Sausage, Medium";"19586,37";"26094,38";"0.00 %";"INACTIVO"
"216";"dairy";"Pork - Tenderloin, Fresh";"10857,07";"26382,34";"5.00 %";"INACTIVO"
"324";"dairy";"Pork Loin Cutlets";"14820,55";"25913,91";"0.00 %";"ACTIVO"
"685";"dairy";"Pork Loin Cutlets";"19553,32";"26001,60";"19.00 %";"INACTIVO"
"472";"dairy";"Potatoes - Instant, Mashed";"12969,51";"29026,37";"19.00 %";"INACTIVO"
"419";"dairy";"Puree - Blackcurrant";"19453,35";"26985,22";"19.00 %";"INACTIVO"
"276";"dairy";"Quail Eggs - Canned";"17815,98";"28612,09";"5.00 %";"INACTIVO"
"941";"dairy";"Rice - Long Grain";"13503,34";"29239,07";"19.00 %";"ACTIVO"
"136";"dairy";"Rice Pilaf, Dry,package";"10229,28";"27119,26";"5.00 %";"INACTIVO"
"230";"dairy";"Sage Derby";"17484,81";"28551,32";"0.00 %";"INACTIVO"
"378";"dairy";"Salt - Sea";"14395,31";"25278,62";"0.00 %";"ACTIVO"
"197";"dairy";"Sauce - Alfredo";"13848,07";"25853,28";"0.00 %";"ACTIVO"
"422";"dairy";"Sauce - Balsamic Viniagrette";"10334,99";"27243,41";"0.00 %";"ACTIVO"
"265";"dairy";"Seedlings - Buckwheat, Organic";"18464,55";"25451,57";"5.00 %";"ACTIVO"
"843";"dairy";"Sesame Seed";"10299,06";"29770,94";"19.00 %";"ACTIVO"
"479";"dairy";"Sesame Seed";"19355,79";"25142,27";"19.00 %";"INACTIVO"
"534";"dairy";"Shichimi Togarashi Peppeers";"13934,13";"25914,08";"19.00 %";"ACTIVO"
"38";"dairy";"Shrimp - Black Tiger 13/15";"12105,44";"28282,16";"5.00 %";"INACTIVO"
"48";"dairy";"Soup - Beef Conomme, Dry";"14202,41";"25551,39";"0.00 %";"INACTIVO"
"367";"dairy";"Soup - Campbells Asian Noodle";"17323,21";"28291,58";"0.00 %";"INACTIVO"
"237";"dairy";"Soup - Campbellschix Stew";"14414,56";"26536,16";"5.00 %";"ACTIVO"
"483";"dairy";"Soup - Canadian Pea, Dry Mix";"19014,69";"27531,28";"5.00 %";"INACTIVO"
"562";"dairy";"Soup - Cream Of Potato / Leek";"19521,99";"29565,12";"0.00 %";"ACTIVO"
"896";"dairy";"Soup - Knorr, Ministrone";"12880,99";"27058,34";"0.00 %";"INACTIVO"
"774";"dairy";"Soy Protein";"19967,80";"29916,94";"19.00 %";"INACTIVO"
"198";"dairy";"Soy Protein";"16856,76";"28088,86";"5.00 %";"ACTIVO"
"956";"dairy";"Sparkling Wine - Rose, Freixenet";"18969,97";"27829,69";"19.00 %";"ACTIVO"
"168";"dairy";"Spinach - Packaged";"10625,14";"25572,99";"19.00 %";"INACTIVO"
"767";"dairy";"Sprouts - Baby Pea Tendrils";"14609,69";"27263,13";"5.00 %";"INACTIVO"
"486";"dairy";"Squash - Acorn";"19352,93";"25465,73";"0.00 %";"ACTIVO"
"981";"dairy";"Squash - Guords";"10496,60";"29474,55";"5.00 %";"INACTIVO"
"26";"dairy";"Sugar - Invert";"18719,69";"29337,75";"5.00 %";"ACTIVO"
"280";"dairy";"Syrup - Chocolate";"14610,75";"25171,11";"19.00 %";"ACTIVO"
"829";"dairy";"Syrup - Monin - Blue Curacao";"15630,51";"25161,97";"0.00 %";"INACTIVO"
"132";"dairy";"Table Cloth 90x90 Colour";"15298,63";"29239,95";"0.00 %";"INACTIVO"
"905";"dairy";"Table Cloth 90x90 Colour";"12597,60";"27248,85";"19.00 %";"ACTIVO"
"826";"dairy";"Tamarillo";"15124,06";"26968,53";"5.00 %";"ACTIVO"
"93";"dairy";"Tart Shells - Barquettes, Savory";"18237,65";"26272,96";"5.00 %";"INACTIVO"
"541";"dairy";"Tea - Herbal - 6 Asst";"16727,39";"28155,16";"19.00 %";"INACTIVO"
"959";"dairy";"Tea - Lemon Green Tea";"13779,46";"28590,29";"19.00 %";"INACTIVO"
"33";"dairy";"Tea - Lemon Scented";"15046,42";"27780,14";"19.00 %";"ACTIVO"
"887";"dairy";"Tequila - Sauza Silver";"14555,64";"26721,14";"5.00 %";"INACTIVO"
"182";"dairy";"Toamtoes 6x7 Select";"13743,08";"26407,51";"0.00 %";"ACTIVO"
"682";"dairy";"Tobasco Sauce";"19712,19";"25500,93";"5.00 %";"INACTIVO"
"922";"dairy";"Tomatoes";"18185,26";"26248,28";"19.00 %";"ACTIVO"
"688";"dairy";"Towel - Roll White";"10511,23";"27885,75";"19.00 %";"INACTIVO"
"446";"dairy";"Towel Dispenser";"15493,42";"28601,90";"0.00 %";"INACTIVO"
"853";"dairy";"Truffle Cups Green";"10775,50";"27922,27";"0.00 %";"INACTIVO"
"61";"dairy";"Tuna - Salad Premix";"17456,98";"29481,13";"19.00 %";"INACTIVO"
"517";"dairy";"Turkey - Breast, Boneless Sk On";"16616,87";"26524,66";"0.00 %";"INACTIVO"
"474";"dairy";"Turkey - Oven Roast Breast";"11579,58";"26895,93";"5.00 %";"INACTIVO"
"625";"dairy";"Vaccum Bag - 14x20";"18031,57";"27305,17";"5.00 %";"ACTIVO"
"22";"dairy";"Veal - Brisket, Provimi,bnls";"11451,19";"26689,39";"19.00 %";"ACTIVO"
"963";"dairy";"Veal - Inside Round / Top, Lean";"18743,23";"29160,41";"19.00 %";"ACTIVO"
"81";"dairy";"Venison - Striploin";"10749,96";"28796,99";"5.00 %";"INACTIVO"
"224";"dairy";"Vinegar - Rice";"19350,11";"25948,92";"5.00 %";"INACTIVO"
"65";"dairy";"Vodka - Lemon, Absolut";"19880,93";"26910,75";"19.00 %";"ACTIVO"
"358";"dairy";"Vodka - Lemon, Absolut";"18345,37";"29680,13";"5.00 %";"ACTIVO"
"241";"dairy";"Wanton Wrap";"17122,46";"25624,86";"5.00 %";"ACTIVO"
"434";"dairy";"Wasabi Powder";"19860,68";"29248,43";"5.00 %";"ACTIVO"
"25";"dairy";"Wheat - Soft Kernal Of Wheat";"19937,02";"28853,07";"19.00 %";"ACTIVO"
"660";"dairy";"Wheat - Soft Kernal Of Wheat";"14438,35";"25384,11";"19.00 %";"ACTIVO"
"475";"dairy";"Wild Boar - Tenderloin";"16052,78";"29045,82";"5.00 %";"INACTIVO"
"297";"dairy";"Wine - Beaujolais Villages";"12883,02";"26391,14";"0.00 %";"INACTIVO"
"741";"dairy";"Wine - Cabernet Sauvignon";"12547,58";"25629,09";"5.00 %";"INACTIVO"
"27";"dairy";"Wine - Chateauneuf Du Pape";"16943,04";"26483,68";"5.00 %";"INACTIVO"
"524";"dairy";"Wine - Cotes Du Rhone Parallele";"14960,97";"28371,66";"0.00 %";"INACTIVO"
"907";"dairy";"Wine - Duboeuf Beaujolais";"11290,05";"29283,58";"19.00 %";"INACTIVO"
"577";"dairy";"Wine - Merlot Vina Carmen";"13719,16";"29071,35";"19.00 %";"INACTIVO"
"821";"dairy";"Wine - Red, Cooking";"12736,04";"26815,04";"19.00 %";"INACTIVO"
"877";"dairy";"Wine - Red, Marechal Foch";"10488,72";"28583,08";"5.00 %";"INACTIVO"
"531";"dairy";"Wine - Sauvignon Blanc Oyster";"13263,72";"29015,54";"0.00 %";"ACTIVO"
"89";"dairy";"Wine - Segura Viudas Aria Brut";"14261,17";"26442,25";"19.00 %";"ACTIVO"
"697";"dairy";"Wine - White, Antinore Orvieto";"13448,40";"25765,50";"19.00 %";"ACTIVO"
"970";"dairy";"Yogurt - Plain";"15932,00";"25649,95";"19.00 %";"INACTIVO"
"589";"dairy";"Yokaline";"10578,83";"27470,51";"5.00 %";"INACTIVO"
"968";"fruits";"Appetizer - Chicken Satay";"10200,26";"27150,55";"19.00 %";"INACTIVO"
"423";"fruits";"Appetizer - Southwestern";"13717,24";"27107,13";"19.00 %";"INACTIVO"
"289";"fruits";"Apron";"18510,83";"29473,82";"5.00 %";"INACTIVO"
"96";"fruits";"Asparagus - White, Fresh";"13080,47";"25011,33";"5.00 %";"ACTIVO"
"572";"fruits";"Bagel - Everything Presliced";"19468,03";"28804,79";"0.00 %";"INACTIVO"
"799";"fruits";"Bar - Granola Trail Mix Fruit Nut";"12616,62";"26879,56";"5.00 %";"INACTIVO"
"756";"fruits";"Beans - Fava Fresh";"10821,29";"28828,39";"5.00 %";"INACTIVO"
"211";"fruits";"Beans - Kidney, Red Dry";"19864,88";"27720,56";"0.00 %";"INACTIVO"
"537";"fruits";"Beans - Turtle, Black, Dry";"11099,84";"29302,89";"5.00 %";"ACTIVO"
"260";"fruits";"Beef - Tenderloin Tails";"10035,67";"26794,56";"0.00 %";"ACTIVO"
"945";"fruits";"Beer - Blue";"18520,75";"28754,18";"5.00 %";"ACTIVO"
"175";"fruits";"Beer - Creemore";"17814,91";"29080,81";"0.00 %";"ACTIVO"
"894";"fruits";"Beer - Sleemans Cream Ale";"19908,22";"26507,90";"5.00 %";"ACTIVO"
"631";"fruits";"Beer - Steamwhistle";"10563,63";"28358,34";"5.00 %";"INACTIVO"
"104";"fruits";"Black Currants";"12093,61";"27554,16";"5.00 %";"ACTIVO"
"576";"fruits";"Blueberries";"12635,00";"27960,29";"0.00 %";"ACTIVO"
"613";"fruits";"Brandy - Orange, Mc Guiness";"12588,63";"25525,04";"5.00 %";"ACTIVO"
"139";"fruits";"Bread - 10 Grain Parisian";"11658,68";"27579,84";"0.00 %";"INACTIVO"
"170";"fruits";"Bread - Bagels, Mini";"17102,48";"26398,71";"0.00 %";"ACTIVO"
"355";"fruits";"Bread - French Baquette";"19894,70";"26451,22";"19.00 %";"INACTIVO"
"412";"fruits";"Bread - Kimel Stick Poly";"15430,91";"25698,44";"19.00 %";"ACTIVO"
"262";"fruits";"Bread - Rosemary Focaccia";"12275,93";"26960,25";"19.00 %";"INACTIVO"
"174";"fruits";"Bread Crumbs - Panko";"16180,39";"26561,15";"19.00 %";"INACTIVO"
"222";"fruits";"Bread Sour Rolls";"19336,22";"28430,48";"0.00 %";"ACTIVO"
"581";"fruits";"Brownies - Two Bite, Chocolate";"14530,41";"25556,76";"0.00 %";"ACTIVO"
"753";"fruits";"Cardamon Ground";"18220,85";"29773,68";"5.00 %";"ACTIVO"
"416";"fruits";"Chambord Royal";"12460,25";"29712,15";"0.00 %";"ACTIVO"
"983";"fruits";"Chambord Royal";"11875,73";"27434,21";"19.00 %";"ACTIVO"
"189";"fruits";"Cheese - Cheddar With Claret";"16612,74";"25473,27";"5.00 %";"INACTIVO"
"15";"fruits";"Cheese - Cheddar, Medium";"10192,44";"29764,15";"19.00 %";"INACTIVO"
"127";"fruits";"Cheese - Cheddar, Medium";"15419,06";"27220,87";"19.00 %";"ACTIVO"
"892";"fruits";"Cheese - Cream Cheese";"12361,80";"26363,83";"19.00 %";"INACTIVO"
"852";"fruits";"Cheese - Goat";"15712,11";"27796,01";"19.00 %";"ACTIVO"
"103";"fruits";"Cheese - Gorgonzola";"16139,85";"27794,83";"5.00 %";"ACTIVO"
"106";"fruits";"Cheese - Mozzarella, Shredded";"14008,35";"28288,58";"19.00 %";"INACTIVO"
"946";"fruits";"Cheese - Shred Cheddar / Mozza";"17379,93";"28653,05";"0.00 %";"ACTIVO"
"831";"fruits";"Cheese Cloth No 100";"14436,07";"29430,11";"19.00 %";"ACTIVO"
"612";"fruits";"Chilli Paste, Ginger Garlic";"12436,44";"26113,82";"5.00 %";"INACTIVO"
"181";"fruits";"Chinese Foods - Plain Fried Rice";"15103,43";"28423,93";"0.00 %";"INACTIVO"
"278";"fruits";"Chocolate - Dark Callets";"18242,78";"27692,86";"19.00 %";"INACTIVO"
"371";"fruits";"Chocolate - Dark Callets";"13155,95";"29816,52";"5.00 %";"ACTIVO"
"144";"fruits";"Chocolate - Milk Coating";"14436,24";"26645,77";"5.00 %";"INACTIVO"
"257";"fruits";"Chocolate - Semi Sweet, Calets";"13427,25";"25155,68";"0.00 %";"INACTIVO"
"748";"fruits";"Chocolate - White";"13718,79";"29259,15";"0.00 %";"INACTIVO"
"879";"fruits";"Cilantro / Coriander - Fresh";"19088,49";"29289,00";"0.00 %";"INACTIVO"
"997";"fruits";"Coconut - Shredded, Unsweet";"14840,37";"25915,11";"5.00 %";"ACTIVO"
"432";"fruits";"Coffee - 10oz Cup 92961";"13833,13";"28345,38";"19.00 %";"ACTIVO"
"665";"fruits";"Cookie - Oreo 100x2";"13512,44";"26691,63";"0.00 %";"ACTIVO"
"700";"fruits";"Cookies - Fortune";"16716,65";"27191,57";"19.00 %";"ACTIVO"
"313";"fruits";"Cookies Cereal Nut";"11550,33";"28949,83";"5.00 %";"ACTIVO"
"234";"fruits";"Corn Meal";"13516,30";"25060,81";"0.00 %";"ACTIVO"
"126";"fruits";"Corn Syrup";"12579,96";"28480,48";"5.00 %";"INACTIVO"
"227";"fruits";"Crab - Dungeness, Whole, live";"12693,11";"28526,42";"0.00 %";"INACTIVO"
"870";"fruits";"Cream - 18%";"17035,62";"28231,82";"19.00 %";"INACTIVO"
"558";"fruits";"Cumin - Ground";"16008,93";"25772,71";"0.00 %";"ACTIVO"
"37";"fruits";"Cumin - Whole";"10202,53";"25388,55";"19.00 %";"INACTIVO"
"56";"fruits";"Dc - Frozen Momji";"11167,79";"27990,81";"19.00 %";"ACTIVO"
"932";"fruits";"Dill - Primerba, Paste";"17869,32";"25712,29";"19.00 %";"INACTIVO"
"59";"fruits";"Dish Towel";"11070,11";"27607,72";"19.00 %";"INACTIVO"
"503";"fruits";"Duck - Fat";"12812,82";"27998,38";"0.00 %";"INACTIVO"
"943";"fruits";"Ecolab - Hand Soap Form Antibac";"12046,09";"28540,47";"19.00 %";"INACTIVO"
"390";"fruits";"Energy - Boo - Koo";"12521,24";"29345,16";"0.00 %";"INACTIVO"
"409";"fruits";"Flour - Masa De Harina Mexican";"18182,82";"26731,14";"0.00 %";"INACTIVO"
"669";"fruits";"Fond - Chocolate";"19789,59";"25892,92";"19.00 %";"ACTIVO"
"588";"fruits";"French Pastries";"13468,37";"29575,34";"0.00 %";"ACTIVO"
"858";"fruits";"Fruit Mix - Light";"11963,74";"26314,03";"0.00 %";"ACTIVO"
"92";"fruits";"Garam Marsala";"13477,17";"28459,53";"5.00 %";"ACTIVO"
"115";"fruits";"Garam Marsala";"13117,48";"28042,94";"5.00 %";"INACTIVO"
"860";"fruits";"Garbage Bags - Black";"10655,67";"29761,19";"5.00 %";"ACTIVO"
"769";"fruits";"Goldschalger";"14516,98";"26105,58";"5.00 %";"ACTIVO"
"60";"fruits";"Green Tea Refresher";"19510,02";"29376,40";"19.00 %";"INACTIVO"
"731";"fruits";"Ham - Cooked Italian";"16888,62";"25792,99";"19.00 %";"ACTIVO"
"825";"fruits";"Herb Du Provence - Primerba";"10291,66";"26637,94";"19.00 %";"INACTIVO"
"692";"fruits";"Hinge W Undercut";"17512,74";"27596,45";"5.00 %";"INACTIVO"
"895";"fruits";"Island Oasis - Mango Daiquiri";"14405,13";"26621,31";"19.00 %";"ACTIVO"
"528";"fruits";"Jam - Raspberry,jar";"15217,76";"25737,50";"19.00 %";"ACTIVO"
"369";"fruits";"Juice - Lagoon Mango";"16174,34";"26812,02";"0.00 %";"ACTIVO"
"729";"fruits";"Kellogs Special K Cereal";"16875,19";"25694,52";"0.00 %";"INACTIVO"
"74";"fruits";"Lamb - Bones";"18165,93";"27363,88";"5.00 %";"INACTIVO"
"814";"fruits";"Lamb - Racks, Frenched";"13110,76";"29779,27";"5.00 %";"INACTIVO"
"251";"fruits";"Lamb - Racks, Frenched";"15348,38";"26712,11";"5.00 %";"ACTIVO"
"834";"fruits";"Lamb - Shanks";"19022,23";"29041,77";"19.00 %";"ACTIVO"
"640";"fruits";"Lamb - Shoulder";"11431,93";"26908,23";"19.00 %";"INACTIVO"
"397";"fruits";"Lambcasing";"15855,40";"28543,55";"0.00 %";"ACTIVO"
"363";"fruits";"Lemon Balm - Fresh";"14728,94";"27730,57";"19.00 %";"ACTIVO"
"248";"fruits";"Lid Tray - 16in Dome";"18236,86";"26262,05";"19.00 %";"INACTIVO"
"951";"fruits";"Liqueur Banana, Ramazzotti";"11384,31";"26379,40";"0.00 %";"ACTIVO"
"872";"fruits";"Loaf Pan - 2 Lb, Foil";"15302,75";"25596,57";"19.00 %";"ACTIVO"
"68";"fruits";"Lychee";"14895,73";"29784,11";"5.00 %";"INACTIVO"
"904";"fruits";"Marjoram - Fresh";"11959,50";"29469,01";"0.00 %";"INACTIVO"
"779";"fruits";"Milk - 1%";"10866,71";"26852,56";"19.00 %";"INACTIVO"
"485";"fruits";"Mix Pina Colada";"18229,04";"26861,01";"19.00 %";"INACTIVO"
"388";"fruits";"Monkfish Fresh - Skin Off";"19050,09";"29399,38";"5.00 %";"INACTIVO"
"462";"fruits";"Mortadella";"11701,55";"27520,23";"19.00 %";"INACTIVO"
"839";"fruits";"Muffin - Mix - Creme Brule 15l";"14949,06";"27711,30";"0.00 %";"ACTIVO"
"84";"fruits";"Muffin - Mix - Strawberry Rhubarb";"17610,02";"29225,72";"19.00 %";"ACTIVO"
"328";"fruits";"Muffin Batt - Ban Dream Zero";"10392,89";"28134,19";"0.00 %";"INACTIVO"
"255";"fruits";"Muffin Mix - Oatmeal";"13977,87";"25528,51";"0.00 %";"ACTIVO"
"846";"fruits";"Muskox - French Rack";"14467,97";"25449,00";"5.00 %";"ACTIVO"
"309";"fruits";"Mustard - Dry, Powder";"19584,91";"27879,13";"0.00 %";"INACTIVO"
"803";"fruits";"Napkin Colour";"16608,16";"28012,66";"19.00 %";"ACTIVO"
"247";"fruits";"Ocean Spray - Ruby Red";"16073,36";"29607,73";"0.00 %";"ACTIVO"
"271";"fruits";"Octopus - Baby, Cleaned";"17712,62";"26647,05";"0.00 %";"INACTIVO"
"387";"fruits";"Oneshot Automatic Soap System";"14477,64";"27738,00";"5.00 %";"ACTIVO"
"75";"fruits";"Oranges";"10399,42";"29657,50";"5.00 %";"INACTIVO"
"623";"fruits";"Oven Mitt - 13 Inch";"11816,27";"28097,41";"19.00 %";"INACTIVO"
"51";"fruits";"Pail - 4l White, With Handle";"11125,85";"28180,82";"19.00 %";"ACTIVO"
"138";"fruits";"Pasta - Shells, Medium, Dry";"12982,34";"28100,51";"0.00 %";"INACTIVO"
"885";"fruits";"Pastry - Key Limepoppy Seed Tea";"15518,53";"27407,61";"5.00 %";"INACTIVO"
"512";"fruits";"Pear - Prickly";"12583,52";"29330,34";"0.00 %";"ACTIVO"
"319";"fruits";"Pears - Bosc";"11377,91";"26622,77";"5.00 %";"INACTIVO"
"554";"fruits";"Peas Snow";"13771,00";"27565,09";"0.00 %";"ACTIVO"
"849";"fruits";"Pepper - Paprika, Hungarian";"18032,75";"28057,09";"0.00 %";"INACTIVO"
"818";"fruits";"Pepper - Sorrano";"12281,88";"28149,33";"5.00 %";"ACTIVO"
"832";"fruits";"Pheasants - Whole";"16540,58";"29322,20";"0.00 %";"ACTIVO"
"749";"fruits";"Pickles - Gherkins";"10676,99";"29910,29";"5.00 %";"ACTIVO"
"709";"fruits";"Pineapple - Canned, Rings";"16238,94";"25392,14";"19.00 %";"INACTIVO"
"323";"fruits";"Pomegranates";"16925,58";"29511,32";"0.00 %";"ACTIVO"
"596";"fruits";"Pork - Bacon Cooked Slcd";"18252,24";"26382,98";"5.00 %";"ACTIVO"
"470";"fruits";"Pork - Bacon,back Peameal";"14794,65";"27313,87";"19.00 %";"ACTIVO"
"360";"fruits";"Port - 74 Brights";"19667,41";"28975,84";"19.00 %";"ACTIVO"
"82";"fruits";"Pumpkin - Seed";"13799,19";"29937,44";"19.00 %";"ACTIVO"
"433";"fruits";"Pur Value";"15361,43";"27849,94";"5.00 %";"ACTIVO"
"902";"fruits";"Quail - Whole, Boneless";"18587,98";"25745,97";"5.00 %";"ACTIVO"
"135";"fruits";"Raisin - Golden";"15249,48";"29461,92";"5.00 %";"ACTIVO"
"21";"fruits";"Ranchero - Primerba, Paste";"17699,38";"25060,79";"19.00 %";"INACTIVO"
"380";"fruits";"Red Snapper - Fillet, Skin On";"11707,21";"26301,16";"5.00 %";"ACTIVO"
"194";"fruits";"Rice - Sushi";"16774,05";"29433,95";"19.00 %";"INACTIVO"
"783";"fruits";"Rootbeer";"11910,24";"27471,11";"5.00 %";"ACTIVO"
"651";"fruits";"Rosemary - Dry";"16068,51";"28981,02";"0.00 %";"ACTIVO"
"934";"fruits";"Rum - Dark, Bacardi, Black";"19498,62";"25940,87";"19.00 %";"ACTIVO"
"505";"fruits";"Salt - Sea";"14376,53";"25545,99";"0.00 %";"ACTIVO"
"98";"fruits";"Saskatoon Berries - Frozen";"15746,92";"29633,48";"19.00 %";"INACTIVO"
"120";"fruits";"Sauce - Black Current, Dry Mix";"13531,46";"26577,00";"0.00 %";"INACTIVO"
"953";"fruits";"Sauerkraut";"12264,38";"29307,12";"5.00 %";"ACTIVO"
"67";"fruits";"Sole - Fillet";"11106,71";"25099,70";"19.00 %";"INACTIVO"
"159";"fruits";"Soup - Campbells Beef Noodle";"16489,87";"27739,47";"5.00 %";"ACTIVO"
"112";"fruits";"Soup - Campbells Beef Strogonoff";"18174,01";"25176,95";"19.00 %";"ACTIVO"
"979";"fruits";"Soup - Campbells Broccoli";"13538,01";"26362,56";"0.00 %";"ACTIVO"
"742";"fruits";"Soup - Campbells Pasta Fagioli";"16132,41";"27408,14";"0.00 %";"INACTIVO"
"80";"fruits";"Soup - Campbells, Cream Of";"16366,14";"29971,86";"5.00 %";"INACTIVO"
"315";"fruits";"Soup - Campbells, Minestrone";"11932,60";"29558,46";"5.00 %";"ACTIVO"
"314";"fruits";"Soup Bowl Clear 8oz92008";"10027,74";"25471,70";"19.00 %";"INACTIVO"
"290";"fruits";"Soupcontfoam16oz 116con";"15701,54";"29575,73";"19.00 %";"ACTIVO"
"986";"fruits";"Spinach - Packaged";"13581,95";"25440,50";"5.00 %";"ACTIVO"
"256";"fruits";"Spring Roll Veg Mini";"13101,42";"28483,88";"5.00 %";"ACTIVO"
"173";"fruits";"Star Anise, Whole";"10792,79";"27204,90";"0.00 %";"ACTIVO"
"715";"fruits";"Steam Pan - Half Size Deep";"11705,70";"25181,96";"5.00 %";"INACTIVO"
"362";"fruits";"Sterno - Chafing Dish Fuel";"17219,14";"26362,68";"5.00 %";"ACTIVO"
"532";"fruits";"Syrup - Monin - Granny Smith";"16028,60";"26414,61";"0.00 %";"ACTIVO"
"556";"fruits";"Syrup - Monin, Swiss Choclate";"15520,28";"27316,02";"0.00 %";"INACTIVO"
"567";"fruits";"Table Cloth 54x54 Colour";"19314,58";"25807,45";"0.00 %";"ACTIVO"
"348";"fruits";"Table Cloth 54x54 White";"18551,48";"28825,27";"0.00 %";"ACTIVO"
"326";"fruits";"Table Cloth 90x90 Colour";"19444,34";"28769,36";"5.00 %";"INACTIVO"
"190";"fruits";"Tamarillo";"19750,77";"29949,10";"19.00 %";"ACTIVO"
"267";"fruits";"Tarragon - Fresh";"14717,53";"27377,61";"19.00 %";"ACTIVO"
"466";"fruits";"Tarragon - Primerba, Paste";"18863,63";"27210,49";"19.00 %";"ACTIVO"
"214";"fruits";"Tarts Assorted";"11382,50";"28069,46";"0.00 %";"INACTIVO"
"392";"fruits";"Tea - Grapefruit Green Tea";"16673,39";"26975,09";"0.00 %";"ACTIVO"
"340";"fruits";"Tea - Lemon Green Tea";"15330,47";"25535,16";"5.00 %";"INACTIVO"
"114";"fruits";"The Pop Shoppe - Grape";"16348,16";"26263,52";"19.00 %";"INACTIVO"
"866";"fruits";"Thyme - Fresh";"12522,01";"25612,55";"5.00 %";"ACTIVO"
"995";"fruits";"Toamtoes 6x7 Select";"10153,30";"26568,29";"0.00 %";"ACTIVO"
"209";"fruits";"Tomatillo";"15868,28";"29031,80";"19.00 %";"INACTIVO"
"670";"fruits";"Tomato - Peeled Italian Canned";"13890,61";"29406,47";"19.00 %";"ACTIVO"
"228";"fruits";"Tomatoes";"15966,53";"29008,25";"5.00 %";"ACTIVO"
"435";"fruits";"Tomatoes - Hot House";"12654,81";"27315,86";"5.00 %";"INACTIVO"
"408";"fruits";"Tomatoes - Yellow Hot House";"18715,63";"25617,17";"19.00 %";"ACTIVO"
"510";"fruits";"Towels - Paper / Kraft";"16163,51";"29378,33";"0.00 %";"ACTIVO"
"784";"fruits";"Trout - Rainbow, Frozen";"13773,63";"29383,05";"19.00 %";"INACTIVO"
"841";"fruits";"Turkey - Breast, Boneless Sk On";"16974,01";"27948,25";"0.00 %";"ACTIVO"
"820";"fruits";"Uniform Linen Charge";"16344,51";"28790,31";"0.00 %";"ACTIVO"
"809";"fruits";"Veal - Inside Round / Top, Lean";"11633,53";"27291,41";"0.00 %";"ACTIVO"
"626";"fruits";"Versatainer Nc - 888";"19909,36";"27440,88";"0.00 %";"ACTIVO"
"167";"fruits";"Vinegar - Balsamic, White";"10758,00";"26951,18";"5.00 %";"INACTIVO"
"45";"fruits";"Vodka - Smirnoff";"18029,40";"28749,95";"19.00 %";"INACTIVO"
"691";"fruits";"Water - Tonic";"14299,66";"27778,97";"0.00 %";"ACTIVO"
"939";"fruits";"Wine - Beaujolais Villages";"12639,30";"29488,04";"19.00 %";"ACTIVO"
"759";"fruits";"Wine - Bourgogne 2002, La";"19213,03";"26115,55";"19.00 %";"ACTIVO"
"720";"fruits";"Wine - Casillero Del Diablo";"18680,61";"29077,05";"19.00 %";"ACTIVO"
"213";"fruits";"Wine - Casillero Del Diablo";"17965,27";"25647,70";"5.00 %";"INACTIVO"
"947";"fruits";"Wine - Champagne Brut Veuve";"10449,84";"28509,77";"0.00 %";"ACTIVO"
"469";"fruits";"Wine - Chateau Timberlay";"15407,26";"26538,72";"5.00 %";"ACTIVO"
"788";"fruits";"Wine - Conde De Valdemar";"14257,79";"29459,35";"5.00 %";"INACTIVO"
"543";"fruits";"Wine - Fume Blanc Fetzer";"11094,38";"27172,71";"0.00 %";"INACTIVO"
"444";"fruits";"Wine - German Riesling";"13162,12";"27652,56";"0.00 %";"ACTIVO"
"994";"fruits";"Wine - Magnotta, Merlot Sr Vqa";"15861,44";"25873,21";"0.00 %";"INACTIVO"
"450";"fruits";"Wine - Masi Valpolocell";"15112,80";"29724,06";"0.00 %";"INACTIVO"
"8";"fruits";"Wine - Muscadet Sur Lie";"18444,37";"26895,93";"5.00 %";"INACTIVO"
"484";"fruits";"Wine - Muscadet Sur Lie";"14866,70";"29447,55";"0.00 %";"INACTIVO"
"921";"fruits";"Wine - Soave Folonari";"19158,06";"27851,15";"19.00 %";"INACTIVO"
"17";"fruits";"Wine - Valpolicella Masi";"13948,99";"29354,85";"5.00 %";"ACTIVO"
"350";"fruits";"Wine - Zonnebloem Pinotage";"15391,59";"29955,60";"19.00 %";"INACTIVO"
"34";"meats";"Alize Gold Passion";"11216,31";"26546,34";"0.00 %";"ACTIVO"
"179";"meats";"Anchovy Paste - 56 G Tube";"11657,05";"27704,54";"5.00 %";"ACTIVO"
"207";"meats";"Apple - Royal Gala";"16545,11";"29235,43";"19.00 %";"ACTIVO"
"307";"meats";"Apples - Sliced / Wedge";"14217,46";"29647,05";"0.00 %";"ACTIVO"
"118";"meats";"Aromat Spice / Seasoning";"12716,72";"28420,02";"5.00 %";"ACTIVO"
"901";"meats";"Artichoke - Hearts, Canned";"17431,99";"27243,36";"0.00 %";"INACTIVO"
"878";"meats";"Artichokes - Knobless, White";"14496,58";"28804,04";"19.00 %";"ACTIVO"
"804";"meats";"Aspic - Light";"13816,88";"28952,86";"19.00 %";"INACTIVO"
"85";"meats";"Bag - Bread, White, Plain";"16023,44";"28569,00";"0.00 %";"ACTIVO"
"263";"meats";"Bagel - Ched Chs Presliced";"16960,09";"27723,08";"0.00 %";"INACTIVO"
"30";"meats";"Baking Powder";"10658,41";"28257,45";"0.00 %";"INACTIVO"
"94";"meats";"Bay Leaf Fresh";"17039,15";"26557,92";"19.00 %";"ACTIVO"
"842";"meats";"Beans - Black Bean, Dry";"12958,57";"26754,26";"5.00 %";"INACTIVO"
"743";"meats";"Beans - Fine";"13483,26";"27759,63";"19.00 %";"ACTIVO"
"705";"meats";"Beef - Rib Eye Aaa";"16954,20";"29912,45";"5.00 %";"ACTIVO"
"449";"meats";"Beef - Tender Tips";"16163,60";"29244,10";"0.00 %";"ACTIVO"
"128";"meats";"Beer - Steamwhistle";"19205,55";"29409,01";"19.00 %";"INACTIVO"
"308";"meats";"Beets - Pickled";"14738,38";"26119,22";"5.00 %";"INACTIVO"
"919";"meats";"Bowl 12 Oz - Showcase 92012";"17780,13";"27544,13";"19.00 %";"ACTIVO"
"398";"meats";"Bread - Malt";"12017,64";"28372,19";"19.00 %";"ACTIVO"
"130";"meats";"Bread Crumbs - Japanese Style";"13057,57";"26625,88";"19.00 %";"ACTIVO"
"966";"meats";"Broom And Broom Rack White";"11674,12";"27491,85";"5.00 %";"INACTIVO"
"266";"meats";"Calypso - Pineapple Passion";"14969,96";"27562,36";"0.00 %";"ACTIVO"
"489";"meats";"Carbonated Water - Lemon Lime";"13214,51";"29471,65";"5.00 %";"INACTIVO"
"973";"meats";"Cardamon Ground";"14167,22";"28658,14";"5.00 %";"INACTIVO"
"342";"meats";"Cardamon Seed / Pod";"12899,61";"25074,38";"5.00 %";"INACTIVO"
"641";"meats";"Chambord Royal";"18266,53";"28400,69";"0.00 %";"INACTIVO"
"32";"meats";"Cheese - Bocconcini";"17979,66";"25534,29";"19.00 %";"ACTIVO"
"258";"meats";"Cheese - Brie";"13336,47";"29082,04";"5.00 %";"ACTIVO"
"221";"meats";"Cheese - Goat";"11128,21";"25762,18";"5.00 %";"INACTIVO"
"253";"meats";"Cheese - Grana Padano";"16440,52";"25853,40";"19.00 %";"ACTIVO"
"202";"meats";"Cheese Cloth";"18175,71";"25386,10";"5.00 %";"ACTIVO"
"632";"meats";"Chef Hat 20cm";"18577,32";"29946,08";"19.00 %";"ACTIVO"
"725";"meats";"Chef Hat 25cm";"19282,24";"29992,35";"0.00 %";"ACTIVO"
"684";"meats";"Cherries - Bing, Canned";"13418,67";"25978,26";"19.00 %";"INACTIVO"
"987";"meats";"Chevere Logs";"13742,99";"28315,81";"0.00 %";"INACTIVO"
"609";"meats";"Chicken - Base, Ultimate";"14936,82";"28445,31";"0.00 %";"ACTIVO"
"732";"meats";"Chicken - Leg, Boneless";"16092,57";"29835,60";"0.00 %";"ACTIVO"
"950";"meats";"Chinese Foods - Thick Noodles";"17915,60";"25950,29";"19.00 %";"INACTIVO"
"936";"meats";"Cinnamon Rolls";"17247,48";"29737,40";"0.00 %";"ACTIVO"
"117";"meats";"Clam - Cherrystone";"11345,44";"27637,14";"5.00 %";"ACTIVO"
"184";"meats";"Compound - Orange";"14575,66";"27023,64";"19.00 %";"INACTIVO"
"272";"meats";"Compound - Passion Fruit";"17982,64";"26307,74";"0.00 %";"INACTIVO"
"673";"meats";"Compound - Pear";"17261,94";"28638,44";"19.00 %";"ACTIVO"
"560";"meats";"Container - Clear 16 Oz";"10454,24";"29536,87";"5.00 %";"INACTIVO"
"542";"meats";"Cookies - Englishbay Oatmeal";"10456,07";"28787,95";"5.00 %";"INACTIVO"
"563";"meats";"Cookies Almond Hazelnut";"10416,94";"29656,58";"19.00 %";"INACTIVO"
"674";"meats";"Crackers - Soda / Saltins";"19955,90";"26536,11";"0.00 %";"INACTIVO"
"395";"meats";"Crackers - Trio";"13702,27";"29385,66";"5.00 %";"INACTIVO"
"273";"meats";"Creme De Menthe Green";"19174,92";"27309,46";"19.00 %";"ACTIVO"
"661";"meats";"Danishes - Mini Raspberry";"13501,84";"29007,37";"5.00 %";"ACTIVO"
"375";"meats";"Dates";"13722,30";"27973,22";"19.00 %";"INACTIVO"
"270";"meats";"Dawn Professionl Pot And Pan";"11834,71";"29876,54";"5.00 %";"ACTIVO"
"405";"meats";"Dc Hikiage Hira Huba";"11071,87";"26468,26";"19.00 %";"INACTIVO"
"346";"meats";"Dill - Primerba, Paste";"12568,83";"27667,62";"19.00 %";"INACTIVO"
"330";"meats";"Easy Off Oven Cleaner";"13188,18";"29979,26";"19.00 %";"ACTIVO"
"429";"meats";"Fish - Scallops, Cold Smoked";"15600,70";"27104,23";"19.00 %";"INACTIVO"
"310";"meats";"Flour - Strong";"14602,54";"25262,26";"5.00 %";"ACTIVO"
"555";"meats";"Flour - Strong Pizza";"15976,05";"26695,99";"5.00 %";"ACTIVO"
"944";"meats";"French Pastries";"17554,16";"29586,45";"0.00 %";"INACTIVO"
"153";"meats";"Garlic - Peeled";"18335,53";"27153,31";"19.00 %";"ACTIVO"
"772";"meats";"Gelatine Leaves - Bulk";"10928,26";"26450,82";"5.00 %";"INACTIVO"
"10";"meats";"Gingerale - Schweppes, 355 Ml";"12608,81";"28563,19";"19.00 %";"ACTIVO"
"590";"meats";"Irish Cream - Baileys";"11638,01";"27405,19";"0.00 %";"ACTIVO"
"628";"meats";"Island Oasis - Ice Cream Mix";"12187,35";"29542,39";"5.00 %";"INACTIVO"
"119";"meats";"Island Oasis - Lemonade";"18506,53";"29327,34";"0.00 %";"ACTIVO"
"496";"meats";"Jam - Marmalade, Orange";"10123,42";"28935,01";"5.00 %";"INACTIVO"
"607";"meats";"Jameson - Irish Whiskey";"15928,49";"26226,28";"5.00 %";"ACTIVO"
"420";"meats";"Jolt Cola";"18835,25";"26143,12";"19.00 %";"ACTIVO"
"71";"meats";"Jolt Cola - Electric Blue";"15209,55";"29113,95";"19.00 %";"INACTIVO"
"63";"meats";"Juice - Lagoon Mango";"11613,98";"25320,15";"19.00 %";"ACTIVO"
"730";"meats";"Juice - Lagoon Mango";"14580,71";"28049,18";"19.00 %";"ACTIVO"
"296";"meats";"Juice - Tomato, 48 Oz";"13858,07";"26831,14";"0.00 %";"INACTIVO"
"708";"meats";"Lamb - Sausage Casings";"10576,06";"27637,37";"5.00 %";"ACTIVO"
"243";"meats";"Lamb - Shoulder, Boneless";"14550,34";"25971,09";"5.00 %";"INACTIVO"
"962";"meats";"Lamb - Whole, Fresh";"10766,40";"29150,55";"0.00 %";"ACTIVO"
"871";"meats";"Lid Tray - 12in Dome";"18586,08";"27635,38";"0.00 %";"INACTIVO"
"766";"meats";"Longos - Cheese Tortellini";"17574,58";"25931,62";"5.00 %";"INACTIVO"
"620";"meats";"Macaroons - Two Bite Choc";"13622,93";"27664,59";"5.00 %";"INACTIVO"
"957";"meats";"Magnotta - Bel Paese White";"19837,05";"25090,43";"5.00 %";"ACTIVO"
"856";"meats";"Milk - Condensed";"19525,34";"26653,63";"19.00 %";"ACTIVO"
"739";"meats";"Mint - Fresh";"17551,04";"27223,40";"0.00 %";"ACTIVO"
"746";"meats";"Mix - Cocktail Ice Cream";"13118,88";"25522,47";"0.00 %";"INACTIVO"
"42";"meats";"Molasses - Fancy";"18962,38";"26659,34";"19.00 %";"ACTIVO"
"345";"meats";"Muffin - Zero Transfat";"11248,32";"28138,70";"5.00 %";"ACTIVO"
"364";"meats";"Mushroom - Porcini, Dry";"11462,69";"27763,35";"0.00 %";"ACTIVO"
"54";"meats";"Mushroom - White Button";"12520,71";"26997,67";"0.00 %";"ACTIVO"
"448";"meats";"Napkin - Cocktail,beige 2 - Ply";"12970,90";"28636,06";"0.00 %";"INACTIVO"
"787";"meats";"Noodles - Steamed Chow Mein";"15190,91";"29860,76";"0.00 %";"ACTIVO"
"880";"meats";"Noodles - Steamed Chow Mein";"14300,41";"27841,02";"5.00 %";"INACTIVO"
"592";"meats";"Octopus - Baby, Cleaned";"18935,42";"26191,11";"19.00 %";"INACTIVO"
"726";"meats";"Oil - Pumpkinseed";"18051,15";"29723,82";"5.00 %";"ACTIVO"
"306";"meats";"Oil - Truffle, Black";"19379,32";"25928,93";"0.00 %";"INACTIVO"
"533";"meats";"Onions - Cippolini";"19888,61";"29220,70";"0.00 %";"INACTIVO"
"36";"meats";"Passion Fruit";"13674,51";"26645,10";"19.00 %";"INACTIVO"
"915";"meats";"Pastrami";"16217,42";"28001,93";"0.00 %";"ACTIVO"
"996";"meats";"Pastry - Banana Tea Loaf";"14806,65";"26407,47";"19.00 %";"INACTIVO"
"331";"meats";"Pastry - Choclate Baked";"18851,95";"27660,97";"0.00 %";"INACTIVO"
"35";"meats";"Peach - Halves";"10668,17";"25384,22";"0.00 %";"ACTIVO"
"411";"meats";"Pepper - Red, Finger Hot";"10914,34";"27682,11";"5.00 %";"INACTIVO"
"325";"meats";"Pepper - Roasted Red";"14467,99";"28202,60";"0.00 %";"ACTIVO"
"357";"meats";"Pepper - Yellow Bell";"12227,34";"26616,27";"5.00 %";"ACTIVO"
"291";"meats";"Pepperoni Slices";"16053,45";"27678,71";"5.00 %";"ACTIVO"
"652";"meats";"Pesto - Primerba, Paste";"19375,19";"25208,78";"0.00 %";"ACTIVO"
"775";"meats";"Petite Baguette";"16276,95";"25486,70";"19.00 %";"INACTIVO"
"523";"meats";"Pickles - Gherkins";"12533,89";"27207,67";"0.00 %";"ACTIVO"
"765";"meats";"Placemat - Scallop, White";"17587,74";"29535,26";"19.00 %";"INACTIVO"
"264";"meats";"Plums - Red";"16349,71";"29370,67";"5.00 %";"INACTIVO"
"967";"meats";"Pork - Ham Hocks - Smoked";"10267,52";"29828,97";"19.00 %";"INACTIVO"
"518";"meats";"Pork - Smoked Back Bacon";"17942,01";"29469,84";"0.00 %";"INACTIVO"
"499";"meats";"Pumpkin - Seed";"19917,52";"25941,38";"0.00 %";"ACTIVO"
"603";"meats";"Radish";"16468,67";"29491,94";"0.00 %";"ACTIVO"
"238";"meats";"Radish";"18976,50";"26348,59";"19.00 %";"ACTIVO"
"384";"meats";"Rootbeer";"13188,63";"27625,90";"0.00 %";"ACTIVO"
"39";"meats";"Rosemary - Primerba, Paste";"10388,83";"27902,23";"5.00 %";"INACTIVO"
"727";"meats";"Rosemary - Primerba, Paste";"11146,66";"29576,22";"19.00 %";"INACTIVO"
"252";"meats";"Sachet";"19055,13";"27994,99";"5.00 %";"INACTIVO"
"249";"meats";"Salmon - Atlantic, No Skin";"17899,49";"29906,57";"19.00 %";"INACTIVO"
"991";"meats";"Salt - Rock, Course";"16365,95";"27287,38";"5.00 %";"ACTIVO"
"329";"meats";"Samosa - Veg";"17991,44";"29326,66";"5.00 %";"INACTIVO"
"142";"meats";"Sauce - Apple, Unsweetened";"11728,05";"29620,33";"19.00 %";"INACTIVO"
"281";"meats";"Sauce - Sesame Thai Dressing";"14347,38";"26284,85";"0.00 %";"INACTIVO"
"64";"meats";"Sausage - Meat";"12086,47";"29669,43";"19.00 %";"INACTIVO"
"657";"meats";"Sausage - Meat";"10886,07";"28078,97";"19.00 %";"INACTIVO"
"236";"meats";"Scallops - In Shell";"10449,81";"27740,55";"0.00 %";"INACTIVO"
"417";"meats";"Shrimp - 100 / 200 Cold Water";"17462,80";"29232,50";"0.00 %";"ACTIVO"
"284";"meats";"Soap - Mr.clean Floor Soap";"19862,85";"29101,34";"19.00 %";"ACTIVO"
"658";"meats";"Soda Water - Club Soda, 355 Ml";"12229,43";"26941,07";"0.00 %";"ACTIVO"
"552";"meats";"Soup - Canadian Pea, Dry Mix";"10789,06";"29627,96";"19.00 %";"ACTIVO"
"875";"meats";"Soupfoamcont12oz 112con";"14897,37";"26270,95";"19.00 %";"ACTIVO"
"706";"meats";"Sour Puss Raspberry";"16855,30";"25631,55";"19.00 %";"ACTIVO"
"377";"meats";"Spice - Greek 1 Step";"16475,00";"28189,23";"5.00 %";"ACTIVO"
"359";"meats";"Spice - Peppercorn Melange";"12360,99";"29374,41";"0.00 %";"ACTIVO"
"573";"meats";"Steel Wool";"16602,01";"27781,58";"0.00 %";"ACTIVO"
"160";"meats";"Stock - Beef, Brown";"18811,34";"26632,80";"0.00 %";"INACTIVO"
"948";"meats";"Sultanas";"13398,70";"29670,33";"5.00 %";"INACTIVO"
"881";"meats";"Sweet Pea Sprouts";"15592,72";"29204,81";"5.00 %";"INACTIVO"
"745";"meats";"Table Cloth 54x54 White";"15189,11";"25464,03";"5.00 %";"ACTIVO"
"794";"meats";"Tart Shells - Sweet, 4";"19199,60";"29588,94";"19.00 %";"ACTIVO"
"527";"meats";"Toamtoes 6x7 Select";"13942,94";"29739,77";"5.00 %";"ACTIVO"
"694";"meats";"Tomato - Peeled Italian Canned";"12586,05";"25751,18";"19.00 %";"INACTIVO"
"246";"meats";"Tomatoes Tear Drop Yellow";"10709,20";"29334,10";"0.00 %";"ACTIVO"
"336";"meats";"Tray - 16in Rnd Blk";"14022,99";"29014,77";"0.00 %";"ACTIVO"
"863";"meats";"Tray - 16in Rnd Blk";"16736,49";"28491,15";"19.00 %";"ACTIVO"
"455";"meats";"Trueblue - Blueberry";"14286,02";"27723,03";"5.00 %";"ACTIVO"
"550";"meats";"Tumeric";"18569,82";"28723,46";"0.00 %";"INACTIVO"
"101";"meats";"Turnip - White, Organic";"14997,92";"28059,78";"0.00 %";"INACTIVO"
"425";"meats";"Venison - Liver";"12754,79";"25931,74";"5.00 %";"ACTIVO"
"840";"meats";"Vinegar - Red Wine";"19373,69";"27674,74";"0.00 %";"INACTIVO"
"918";"meats";"Vinegar - Sherry";"13398,74";"27989,79";"5.00 %";"ACTIVO"
"245";"meats";"Vodka - Lemon, Absolut";"18971,24";"28935,39";"5.00 %";"INACTIVO"
"602";"meats";"Vodka - Smirnoff";"13001,71";"28001,19";"5.00 %";"INACTIVO"
"990";"meats";"Wasabi Powder";"12569,25";"25244,27";"5.00 %";"INACTIVO"
"218";"meats";"Water - Evian 355 Ml";"18688,62";"25239,34";"19.00 %";"INACTIVO"
"321";"meats";"Water - San Pellegrino";"12089,88";"29225,48";"0.00 %";"ACTIVO"
"337";"meats";"Wine - Blue Nun Qualitatswein";"16534,94";"27023,38";"19.00 %";"INACTIVO"
"844";"meats";"Wine - Casablanca Valley";"14923,75";"25436,83";"19.00 %";"ACTIVO"
"99";"meats";"Wine - Casablanca Valley";"10804,31";"28179,67";"0.00 %";"ACTIVO"
"274";"meats";"Wine - Cava Aria Estate Brut";"19318,16";"26193,95";"19.00 %";"INACTIVO"
"687";"meats";"Wine - Chablis J Moreau Et Fils";"12785,12";"29922,78";"0.00 %";"INACTIVO"
"66";"meats";"Wine - Fume Blanc Fetzer";"10120,82";"28174,47";"0.00 %";"INACTIVO"
"811";"meats";"Wine - Maipo Valle Cabernet";"15565,64";"26958,27";"5.00 %";"INACTIVO"
"716";"meats";"Wine - Periguita Fonseca";"19414,81";"26313,30";"0.00 %";"ACTIVO"
"969";"meats";"Wine - Red, Black Opal Shiraz";"18229,81";"27694,01";"19.00 %";"ACTIVO"
"790";"meats";"Wine - Red, Pinot Noir, Chateau";"16823,26";"27929,79";"5.00 %";"ACTIVO"
"427";"meats";"Wine - Sake";"17647,83";"26289,38";"5.00 %";"ACTIVO"
"393";"meats";"Wine - Shiraz South Eastern";"19330,00";"25215,62";"19.00 %";"ACTIVO"
"105";"meats";"Wine - White, Chardonnay";"11039,85";"29327,39";"5.00 %";"INACTIVO"
"536";"meats";"Wine - White, Cooking";"12666,17";"27634,20";"19.00 %";"INACTIVO"
"655";"meats";"Wine - White, Pinot Grigio";"12183,36";"25541,57";"5.00 %";"ACTIVO"
"851";"meats";"Wonton Wrappers";"14701,73";"26450,04";"5.00 %";"INACTIVO"
"551";"meats";"Yams";"19613,88";"28909,07";"0.00 %";"INACTIVO"
"587";"meats";"Yeast Dry - Fermipan";"12494,67";"29852,44";"0.00 %";"ACTIVO"
"644";"meats";"Yogurt - Blueberry, 175 Gr";"17524,07";"25732,14";"5.00 %";"ACTIVO"
"526";"meats";"Yogurt - French Vanilla";"16671,51";"25073,63";"5.00 %";"ACTIVO"
"786";"meats";"Yogurt - Strawberry, 175 Gr";"15975,25";"26367,58";"5.00 %";"INACTIVO"
